Exclude	PersonID	Forename	Patronymic	Surname	Birth	Sex	Country	Occupation	Draft Seen	urlPersonal	urlWiki
	ЛеонідОлександровичЄвдоченко.1971	Леонід	Олександрович	Євдоченко	1971-06-11	M	UA	Голова Державної служби спеціального зв’язку та захисту інформації України	https://www.rada.gov.ua/meeting/stenogr/show/5980.html https://www.rada.gov.ua/meeting/stenogr/show/5980.html		https://uk.wikipedia.org/wiki/%D0%84%D0%B2%D0%B4%D0%BE%D1%87%D0%B5%D0%BD%D0%BA%D0%BE_%D0%9B%D0%B5%D0%BE%D0%BD%D1%96%D0%B4_%D0%9E%D0%BB%D0%B5%D0%BA%D1%81%D0%B0%D0%BD%D0%B4%D1%80%D0%BE%D0%B2%D0%B8%D1%87
	АндрійСергійовичЄвстігнєєв.1982	Андрій	Сергійович	Євстігнєєв	1982-02-03	M	UA	член Центральної виборчої комісії	https://www.rada.gov.ua/meeting/stenogr/show/6919.html https://www.rada.gov.ua/meeting/stenogr/show/7235.html	https://cvk.gov.ua/sklad_cvk/yevstignieiev-andriy-sergiyovich.html	
	ОксанаБорисівнаБоярчук.1979	Оксана	Борисівна	Боярчук	1979-11-26	F	UA	член Центральної виборчої комісії	https://www.rada.gov.ua/meeting/stenogr/show/7235.html	https://cvk.gov.ua/sklad_cvk/boyarchuk-oksana-borisivna.html	
	АндрійЄвгеновичГевко.1981	Андрій	Євгенович	Гевко	1981-06-17	M	UA	член Центральної виборчої комісії	https://www.rada.gov.ua/meeting/stenogr/show/7235.html	https://cvk.gov.ua/sklad_cvk/gevko-andriy-yevgenovich.html	
	ВікторіяАнатоліївнаГлущенко.1990	Вікторія	Анатоліївна	Глущенко	1990-10-12	F	UA	член Центральної виборчої комісії	https://www.rada.gov.ua/meeting/stenogr/show/7235.html	https://cvk.gov.ua/sklad_cvk/glushhenko-viktoriya-anatoliivna.html	
	ОлегМиколайовичДіденко.1980	Олег	Миколайович	Діденко	1980-05-08	M	UA	член Центральної виборчої комісії	https://www.rada.gov.ua/meeting/stenogr/show/7235.html	https://cvk.gov.ua/sklad_cvk/didenko-oleg-mikolayovich.html	
	ІринаОлексіївнаЄфремова.1959	Ірина	Олексіївна	Єфремова	1959-03-26	F	UA	член Центральної виборчої комісії	https://www.rada.gov.ua/meeting/stenogr/show/7235.html	https://cvk.gov.ua/sklad_cvk/yefremova-irina-oleksiivna.html	
	ПавлоМиколайовичЛюбченко.1967	Павло	Миколайович	Любченко	1967-07-17	M	UA	член Центральної виборчої комісії	https://www.rada.gov.ua/meeting/stenogr/show/7235.html	https://cvk.gov.ua/sklad_cvk/lyubchenko-pavlo-mikolayovich.html	
	ЮрійРоманович-РамазановичМірошниченко.1970	Юрій	Романович; Рамазанович	Мірошниченко	1970-02-03	M	UA	член Центральної виборчої комісії	https://www.rada.gov.ua/meeting/stenogr/show/7235.html	https://cvk.gov.ua/sklad_cvk/miroshnichenko-yuriy-romanovich.html 	https://uk.wikipedia.org/wiki/%D0%9C%D1%96%D1%80%D0%BE%D1%88%D0%BD%D0%B8%D1%87%D0%B5%D0%BD%D0%BA%D0%BE_%D0%AE%D1%80%D1%96%D0%B9_%D0%A0%D0%BE%D0%BC%D0%B0%D0%BD%D0%BE%D0%B2%D0%B8%D1%87
	ВіталійВолодимировичПлукар.1986	Віталій	Володимирович	Плукар	1986-09-26	M	UA	член Центральної виборчої комісії	https://www.rada.gov.ua/meeting/stenogr/show/7235.html	https://cvk.gov.ua/sklad_cvk/plukar-vitaliy-volodimirovich.html	
	ІннаІванівнаЄмельянова.1974	Інна	Іванівна	Ємельянова	1974-03-06	F	UA	Перший заступник міністра юстиції	https://www.rada.gov.ua/meeting/stenogr/show/4951.html https://www.rada.gov.ua/meeting/stenogr/show/4951.html https://www.rada.gov.ua/meeting/stenogr/show/4951.html https://www.rada.gov.ua/meeting/stenogr/show/4951.html https://www.rada.gov.ua/meeting/stenogr/show/4951.html https://www.rada.gov.ua/meeting/stenogr/show/4955.html https://www.rada.gov.ua/meeting/stenogr/show/4977.html https://www.rada.gov.ua/meeting/stenogr/show/4977.html https://www.rada.gov.ua/meeting/stenogr/show/5001.html https://www.rada.gov.ua/meeting/stenogr/show/5001.html https://www.rada.gov.ua/meeting/stenogr/show/5014.html https://www.rada.gov.ua/meeting/stenogr/show/5014.html https://www.rada.gov.ua/meeting/stenogr/show/5022.html https://www.rada.gov.ua/meeting/stenogr/show/5027.html https://www.rada.gov.ua/meeting/stenogr/show/5066.html https://www.rada.gov.ua/meeting/stenogr/show/5066.html https://www.rada.gov.ua/meeting/stenogr/show/5066.html https://www.rada.gov.ua/meeting/stenogr/show/5066.html https://www.rada.gov.ua/meeting/stenogr/show/5077.html https://www.rada.gov.ua/meeting/stenogr/show/5077.html https://www.rada.gov.ua/meeting/stenogr/show/5098.html https://www.rada.gov.ua/meeting/stenogr/show/5236.html https://www.rada.gov.ua/meeting/stenogr/show/5236.html https://www.rada.gov.ua/meeting/stenogr/show/5243.html https://www.rada.gov.ua/meeting/stenogr/show/5243.html https://www.rada.gov.ua/meeting/stenogr/show/5243.html https://www.rada.gov.ua/meeting/stenogr/show/5246.html https://www.rada.gov.ua/meeting/stenogr/show/5248.html https://www.rada.gov.ua/meeting/stenogr/show/5249.html https://www.rada.gov.ua/meeting/stenogr/show/5255.html https://www.rada.gov.ua/meeting/stenogr/show/5652.html https://www.rada.gov.ua/meeting/stenogr/show/5652.html		
	ЄнсСтолтенберг.1959	Єнс		Столтенберг	1959-03-16	M	NO	Secretary General of NATO	https://www.rada.gov.ua/meeting/stenogr/show/7262.html		https://en.wikipedia.org/wiki/Jens_Stoltenberg
1	ВікторІгоровичІванкевич	Віктор	Ігорович	Іванкевич		M	UA	заступник міністра соціальної політики	https://www.rada.gov.ua/meeting/stenogr/show/5399.html https://www.rada.gov.ua/meeting/stenogr/show/5399.html		
	ВікторВікторовичІванкевич.1960	Віктор	Вікторович	Іванкевич	1960-10-05	M	UA	заступник міністра соціальної політики	https://www.rada.gov.ua/meeting/stenogr/show/5234.html https://www.rada.gov.ua/meeting/stenogr/show/5246.html https://www.rada.gov.ua/meeting/stenogr/show/5423.html https://www.rada.gov.ua/meeting/stenogr/show/5423.html https://www.rada.gov.ua/meeting/stenogr/show/5641.html https://www.rada.gov.ua/meeting/stenogr/show/5783.html https://www.rada.gov.ua/meeting/stenogr/show/5799.html https://www.rada.gov.ua/meeting/stenogr/show/5916.html https://www.rada.gov.ua/meeting/stenogr/show/5916.html https://www.rada.gov.ua/meeting/stenogr/show/6285.html https://www.rada.gov.ua/meeting/stenogr/show/6336.html https://www.rada.gov.ua/meeting/stenogr/show/6336.html https://www.rada.gov.ua/meeting/stenogr/show/7095.html https://www.rada.gov.ua/meeting/stenogr/show/7095.html		https://uk.everybodywiki.com/%D0%86%D0%B2%D0%B0%D0%BD%D0%BA%D0%B5%D0%B2%D0%B8%D1%87_%D0%92%D1%96%D0%BA%D1%82%D0%BE%D1%80_%D0%92%D1%96%D0%BA%D1%82%D0%BE%D1%80%D0%BE%D0%B2%D0%B8%D1%87
	АндрійПетровичІгнатов.1974	Андрій	Петрович	Ігнатов	1974-11-06	M	UA	заступник міністра доходів і зборів	https://www.rada.gov.ua/meeting/stenogr/show/5070.html	https://m.ednist.info/dossier/253	
	ТігранАшотовичАвакян.1975	Тігран	Ашотович	Авакян	1975-08-28	M	UA	заступник міністра внутрішніх справ	https://www.rada.gov.ua/meeting/stenogr/show/5906.html https://www.rada.gov.ua/meeting/stenogr/show/5906.html		https://uk.everybodywiki.com/%D0%90%D0%B2%D0%B0%D0%BA%D1%8F%D0%BD_%D0%A2%D1%96%D0%B3%D1%80%D0%B0%D0%BD_%D0%90%D1%88%D0%BE%D1%82%D0%BE%D0%B2%D0%B8%D1%87
	НаталіяВолодимирівнаАгафонова.1977	Наталія	Володимирівна	Агафонова	1977-09-19	F	UA	MP	https://www.rada.gov.ua/meeting/stenogr/show/5016.html https://www.rada.gov.ua/meeting/stenogr/show/5035.html https://www.rada.gov.ua/meeting/stenogr/show/5035.html https://www.rada.gov.ua/meeting/stenogr/show/5035.html https://www.rada.gov.ua/meeting/stenogr/show/5035.html https://www.rada.gov.ua/meeting/stenogr/show/5035.html https://www.rada.gov.ua/meeting/stenogr/show/5035.html https://www.rada.gov.ua/meeting/stenogr/show/5035.html https://www.rada.gov.ua/meeting/stenogr/show/5111.html https://www.rada.gov.ua/meeting/stenogr/show/5227.html https://www.rada.gov.ua/meeting/stenogr/show/5750.html https://www.rada.gov.ua/meeting/stenogr/show/5762.html https://www.rada.gov.ua/meeting/stenogr/show/5764.html https://www.rada.gov.ua/meeting/stenogr/show/5764.html https://www.rada.gov.ua/meeting/stenogr/show/5764.html https://www.rada.gov.ua/meeting/stenogr/show/5771.html https://www.rada.gov.ua/meeting/stenogr/show/5775.html https://www.rada.gov.ua/meeting/stenogr/show/5781.html https://www.rada.gov.ua/meeting/stenogr/show/5781.html https://www.rada.gov.ua/meeting/stenogr/show/5783.html https://www.rada.gov.ua/meeting/stenogr/show/6813.html https://www.rada.gov.ua/meeting/stenogr/show/6815.html https://www.rada.gov.ua/meeting/stenogr/show/6815.html		
	АйдерРустемов.1980	Айдер		Рустемов	1980-03-19	M	UA	заступник голови  Духовного управління мусульман Автономної Республіки Крим муфтій	https://www.rada.gov.ua/meeting/stenogr/show/6668.html		
	НаталіяОлександрівнаАлюшина.1970	Наталія	Олександрівна	Алюшина	1970-06-24	F	UA	голова Національного агентства з питань державної служби	https://www.rada.gov.ua/meeting/stenogr/show/7538.html	https://nads.gov.ua/persons/nataliya-alyushina	
	АнатолійІвановичАмелін.1977	Анатолій	Іванович	Амелін	1977-08-18	M	UA	член Національної комісії з цінних паперів та фондового ринку	https://www.rada.gov.ua/meeting/stenogr/show/5055.html https://www.rada.gov.ua/meeting/stenogr/show/5055.html	https://prostir.fandom.com/wiki/%D0%90%D0%BC%D0%B5%D0%BB%D1%96%D0%BD_%D0%90%D0%BD%D0%B0%D1%82%D0%BE%D0%BB%D1%96%D0%B9_%D0%86%D0%B3%D0%BE%D1%80%D0%BE%D0%B2%D0%B8%D1%87	
1	АнджейДуда.1972	Анджей		Дуда	1972-05-16	M	PL	President of Poland	https://www.rada.gov.ua/meeting/stenogr/show/8003.html		https://en.wikipedia.org/wiki/Andrzej_Duda
1	АндреасЕбі.1958	Андреас		Ебі	1958-11-26	M	CH	Голова Національної Ради Федеральних Зборів Швейцарської Конфедерації	https://www.rada.gov.ua/meeting/stenogr/show/7800.html		https://en.wikipedia.org/wiki/Andreas_Aebi
1	СергійАнатолійовичАндрущенко.1975	Сергій	Анатолійович	Андрущенко	1975-03-18	M	UA	перший заступник Голови Служби безпеки 	https://www.rada.gov.ua/meeting/stenogr/show/7954.html		https://uk.wikipedia.org/wiki/%D0%90%D0%BD%D0%B4%D1%80%D1%83%D1%89%D0%B5%D0%BD%D0%BA%D0%BE_%D0%A1%D0%B5%D1%80%D0%B3%D1%96%D0%B9_%D0%90%D0%BD%D0%B0%D1%82%D0%BE%D0%BB%D1%96%D0%B9%D0%BE%D0%B2%D0%B8%D1%87
1	ДенисЮрійовичАнтонюк	Денис	Юрійович	Антонюк		M	UA	Голова Державної авіаційної служби України 	https://www.rada.gov.ua/meeting/stenogr/show/5921.html https://www.rada.gov.ua/meeting/stenogr/show/5921.html https://www.rada.gov.ua/meeting/stenogr/show/5921.html		
1	АндрійЛеонідовичБілоусов	Андрій	Леонідович	Білоусов		M	UA		https://www.rada.gov.ua/meeting/stenogr/show/5027.html https://www.rada.gov.ua/meeting/stenogr/show/5027.html https://www.rada.gov.ua/meeting/stenogr/show/5750.html https://www.rada.gov.ua/meeting/stenogr/show/5750.html https://www.rada.gov.ua/meeting/stenogr/show/5750.html		
1	Балан			Балан			UA		https://www.rada.gov.ua/meeting/stenogr/show/5773.html https://www.rada.gov.ua/meeting/stenogr/show/7422.html		
1	Бараш			Бараш			UA		https://www.rada.gov.ua/meeting/stenogr/show/5648.html https://www.rada.gov.ua/meeting/stenogr/show/5648.html https://www.rada.gov.ua/meeting/stenogr/show/5648.html		
1	АллаВалентинівнаБасалаєва	Алла	Валентинівна	Басалаєва		F	UA		https://www.rada.gov.ua/meeting/stenogr/show/6919.html		
1	ІгорМихайловичБенедисюк	Ігор	Михайлович	Бенедисюк		M	UA		https://www.rada.gov.ua/meeting/stenogr/show/6312.html https://www.rada.gov.ua/meeting/stenogr/show/6312.html https://www.rada.gov.ua/meeting/stenogr/show/6312.html https://www.rada.gov.ua/meeting/stenogr/show/6312.html https://www.rada.gov.ua/meeting/stenogr/show/6312.html https://www.rada.gov.ua/meeting/stenogr/show/6312.html https://www.rada.gov.ua/meeting/stenogr/show/6312.html https://www.rada.gov.ua/meeting/stenogr/show/6312.html https://www.rada.gov.ua/meeting/stenogr/show/6312.html https://www.rada.gov.ua/meeting/stenogr/show/6312.html https://www.rada.gov.ua/meeting/stenogr/show/6312.html https://www.rada.gov.ua/meeting/stenogr/show/6312.html https://www.rada.gov.ua/meeting/stenogr/show/6312.html https://www.rada.gov.ua/meeting/stenogr/show/6312.html https://www.rada.gov.ua/meeting/stenogr/show/6312.html https://www.rada.gov.ua/meeting/stenogr/show/6312.html https://www.rada.gov.ua/meeting/stenogr/show/6312.html https://www.rada.gov.ua/meeting/stenogr/show/6312.html https://www.rada.gov.ua/meeting/stenogr/show/6312.html https://www.rada.gov.ua/meeting/stenogr/show/6312.html https://www.rada.gov.ua/meeting/stenogr/show/6312.html https://www.rada.gov.ua/meeting/stenogr/show/6312.html https://www.rada.gov.ua/meeting/stenogr/show/6312.html https://www.rada.gov.ua/meeting/stenogr/show/6312.html https://www.rada.gov.ua/meeting/stenogr/show/6312.html https://www.rada.gov.ua/meeting/stenogr/show/6312.html https://www.rada.gov.ua/meeting/stenogr/show/6312.html https://www.rada.gov.ua/meeting/stenogr/show/6312.html https://www.rada.gov.ua/meeting/stenogr/show/6312.html https://www.rada.gov.ua/meeting/stenogr/show/6312.html https://www.rada.gov.ua/meeting/stenogr/show/6312.html https://www.rada.gov.ua/meeting/stenogr/show/6312.html		
1	НаталіяБернацька	Наталія		Бернацька		F	UA		https://www.rada.gov.ua/meeting/stenogr/show/6737.html https://www.rada.gov.ua/meeting/stenogr/show/6748.html https://www.rada.gov.ua/meeting/stenogr/show/6903.html https://www.rada.gov.ua/meeting/stenogr/show/6919.html		
1	РоманМихайловичБогачев	Роман	Михайлович	Богачев		M	UA		https://www.rada.gov.ua/meeting/stenogr/show/5111.html https://www.rada.gov.ua/meeting/stenogr/show/5111.html		
1	Боднар-Петровська			Боднар-Петровська		F	UA		https://www.rada.gov.ua/meeting/stenogr/show/7561.html https://www.rada.gov.ua/meeting/stenogr/show/7627.html https://www.rada.gov.ua/meeting/stenogr/show/7627.html https://www.rada.gov.ua/meeting/stenogr/show/7627.html https://www.rada.gov.ua/meeting/stenogr/show/7627.html https://www.rada.gov.ua/meeting/stenogr/show/7627.html		
1	МихайлоВасильовичБолотських	Михайло	Васильович	Болотських		M	UA		https://www.rada.gov.ua/meeting/stenogr/show/5022.html https://www.rada.gov.ua/meeting/stenogr/show/5022.html https://www.rada.gov.ua/meeting/stenogr/show/5066.html https://www.rada.gov.ua/meeting/stenogr/show/5066.html https://www.rada.gov.ua/meeting/stenogr/show/5066.html		
1	ІннаЛеонідівнаБордюг	Інна	Леонідівна	Бордюг		F	UA		https://www.rada.gov.ua/meeting/stenogr/show/5736.html https://www.rada.gov.ua/meeting/stenogr/show/5775.html		
1	БорисДжонсон	Борис		Джонсон		M			https://www.rada.gov.ua/meeting/stenogr/show/7995.html		
1	БогданВалентиновичБоруховський	Богдан	Валентинович	Боруховський		M	UA		https://www.rada.gov.ua/meeting/stenogr/show/7773.html		
1	СергійСтаніславовичБочковський	Сергій	Станіславович	Бочковський		M	UA		https://www.rada.gov.ua/meeting/stenogr/show/5690.html https://www.rada.gov.ua/meeting/stenogr/show/5690.html		
1	Брацюнь			Брацюнь			UA		https://www.rada.gov.ua/meeting/stenogr/show/7305.html		
1	ЮрійПетровичБровченко	Юрій	Петрович	Бровченко		M	UA		https://www.rada.gov.ua/meeting/stenogr/show/6544.html https://www.rada.gov.ua/meeting/stenogr/show/6983.html https://www.rada.gov.ua/meeting/stenogr/show/7169.html		
1	Брусило			Брусило			UA		https://www.rada.gov.ua/meeting/stenogr/show/7904.html		
1	БорисЙосиповичВізіров	Борис	Йосипович	Візіров		M	UA		https://www.rada.gov.ua/meeting/stenogr/show/5070.html https://www.rada.gov.ua/meeting/stenogr/show/5070.html https://www.rada.gov.ua/meeting/stenogr/show/5111.html		
1	Вакараш			Вакараш			UA		https://www.rada.gov.ua/meeting/stenogr/show/6847.html https://www.rada.gov.ua/meeting/stenogr/show/7169.html		
1	МихайлоГеоргійовичВербенський	Михайло	Георгійович	Вербенський		M	UA		https://www.rada.gov.ua/meeting/stenogr/show/6919.html		
1	Веремій			Веремій			UA		https://www.rada.gov.ua/meeting/stenogr/show/5764.html		
1	СергійОлексійовичВерланов	Сергій	Олексійович	Верланов		M	UA		https://www.rada.gov.ua/meeting/stenogr/show/6886.html https://www.rada.gov.ua/meeting/stenogr/show/7091.html https://www.rada.gov.ua/meeting/stenogr/show/7317.html		
1	СергійМаркіяновичВинокуров	Сергій	Маркіянович	Винокуров		M			https://www.rada.gov.ua/meeting/stenogr/show/5046.html		
1	ЯрославВ'ячеславовичВойтович	Ярослав	В'ячеславович	Войтович		M			https://www.rada.gov.ua/meeting/stenogr/show/6478.html https://www.rada.gov.ua/meeting/stenogr/show/6478.html		
1	НаталіяОлександрівнаВолковицька	Наталія	Олександрівна	Волковицька		F			https://www.rada.gov.ua/meeting/stenogr/show/5906.html		
1	ГаннаОлександрівнаВронська	Ганна	Олександрівна	Вронська		F			https://www.rada.gov.ua/meeting/stenogr/show/5969.html https://www.rada.gov.ua/meeting/stenogr/show/5969.html https://www.rada.gov.ua/meeting/stenogr/show/5969.html https://www.rada.gov.ua/meeting/stenogr/show/5969.html https://www.rada.gov.ua/meeting/stenogr/show/5974.html https://www.rada.gov.ua/meeting/stenogr/show/6004.html https://www.rada.gov.ua/meeting/stenogr/show/6114.html https://www.rada.gov.ua/meeting/stenogr/show/6114.html https://www.rada.gov.ua/meeting/stenogr/show/6149.html		
1	ГітанасНаусєда	Гітанас		Наусєда		M			https://www.rada.gov.ua/meeting/stenogr/show/7662.html https://www.rada.gov.ua/meeting/stenogr/show/8038.html		
1	Галібаренко-			Галібаренко 		F			https://www.rada.gov.ua/meeting/stenogr/show/5830.html https://www.rada.gov.ua/meeting/stenogr/show/5894.html		
1	ІгорМиколайовичГарбарук	Ігор	Миколайович	Гарбарук		M			https://www.rada.gov.ua/meeting/stenogr/show/7502.html https://www.rada.gov.ua/meeting/stenogr/show/7502.html		
1	ОленаАухатівнаГатаулліна.1982	Олена	Аухатівна	Гатаулліна	1982-07-28	F	Ukraine	член Центральної виборчої комісії	https://www.rada.gov.ua/meeting/stenogr/show/7235.html		
1	МихайлоХазреталійовичГашев	Михайло	Хазреталійович	Гашев		M			https://www.rada.gov.ua/meeting/stenogr/show/4955.html		
1	ВікторІвановичГвоздь	Віктор	Іванович	Гвоздь		M			https://www.rada.gov.ua/meeting/stenogr/show/5173.html		
1	ЮлійПавловичГере	Юлій	Павлович	Гере		M			https://www.rada.gov.ua/meeting/stenogr/show/7680.html		
1									https://www.rada.gov.ua/meeting/stenogr/show/4941.html https://www.rada.gov.ua/meeting/stenogr/show/4951.html https://www.rada.gov.ua/meeting/stenogr/show/5001.html https://www.rada.gov.ua/meeting/stenogr/show/6420.html https://www.rada.gov.ua/meeting/stenogr/show/7343.html		
1									https://www.rada.gov.ua/meeting/stenogr/show/5001.html https://www.rada.gov.ua/meeting/stenogr/show/5009.html https://www.rada.gov.ua/meeting/stenogr/show/6248.html https://www.rada.gov.ua/meeting/stenogr/show/6298.html https://www.rada.gov.ua/meeting/stenogr/show/6312.html		
1	ВалеріяОлексіївнаГонтарєва	Валерія	Олексіївна	Гонтарєва		F			https://www.rada.gov.ua/meeting/stenogr/show/5640.html https://www.rada.gov.ua/meeting/stenogr/show/5683.html https://www.rada.gov.ua/meeting/stenogr/show/5767.html		
1	ВалеріяОлексіївнаГонтарева	Валерія	Олексіївна	Гонтарева		F			https://www.rada.gov.ua/meeting/stenogr/show/5683.html https://www.rada.gov.ua/meeting/stenogr/show/5683.html https://www.rada.gov.ua/meeting/stenogr/show/5683.html https://www.rada.gov.ua/meeting/stenogr/show/5683.html https://www.rada.gov.ua/meeting/stenogr/show/5683.html https://www.rada.gov.ua/meeting/stenogr/show/5683.html https://www.rada.gov.ua/meeting/stenogr/show/5683.html https://www.rada.gov.ua/meeting/stenogr/show/5683.html https://www.rada.gov.ua/meeting/stenogr/show/5683.html https://www.rada.gov.ua/meeting/stenogr/show/5683.html https://www.rada.gov.ua/meeting/stenogr/show/5683.html https://www.rada.gov.ua/meeting/stenogr/show/5683.html https://www.rada.gov.ua/meeting/stenogr/show/5683.html https://www.rada.gov.ua/meeting/stenogr/show/5683.html https://www.rada.gov.ua/meeting/stenogr/show/5767.html https://www.rada.gov.ua/meeting/stenogr/show/5767.html https://www.rada.gov.ua/meeting/stenogr/show/5767.html https://www.rada.gov.ua/meeting/stenogr/show/5767.html https://www.rada.gov.ua/meeting/stenogr/show/5767.html https://www.rada.gov.ua/meeting/stenogr/show/5767.html https://www.rada.gov.ua/meeting/stenogr/show/5767.html https://www.rada.gov.ua/meeting/stenogr/show/5767.html https://www.rada.gov.ua/meeting/stenogr/show/5767.html https://www.rada.gov.ua/meeting/stenogr/show/5767.html https://www.rada.gov.ua/meeting/stenogr/show/5767.html https://www.rada.gov.ua/meeting/stenogr/show/5767.html https://www.rada.gov.ua/meeting/stenogr/show/5767.html https://www.rada.gov.ua/meeting/stenogr/show/5767.html https://www.rada.gov.ua/meeting/stenogr/show/5767.html https://www.rada.gov.ua/meeting/stenogr/show/5767.html https://www.rada.gov.ua/meeting/stenogr/show/5767.html https://www.rada.gov.ua/meeting/stenogr/show/5767.html https://www.rada.gov.ua/meeting/stenogr/show/5767.html https://www.rada.gov.ua/meeting/stenogr/show/5767.html https://www.rada.gov.ua/meeting/stenogr/show/5767.html https://www.rada.gov.ua/meeting/stenogr/show/5767.html https://www.rada.gov.ua/meeting/stenogr/show/5767.html https://www.rada.gov.ua/meeting/stenogr/show/5767.html https://www.rada.gov.ua/meeting/stenogr/show/5767.html https://www.rada.gov.ua/meeting/stenogr/show/5792.html https://www.rada.gov.ua/meeting/stenogr/show/5792.html https://www.rada.gov.ua/meeting/stenogr/show/5792.html https://www.rada.gov.ua/meeting/stenogr/show/5792.html https://www.rada.gov.ua/meeting/stenogr/show/5792.html https://www.rada.gov.ua/meeting/stenogr/show/5792.html https://www.rada.gov.ua/meeting/stenogr/show/5817.html https://www.rada.gov.ua/meeting/stenogr/show/5817.html https://www.rada.gov.ua/meeting/stenogr/show/5817.html https://www.rada.gov.ua/meeting/stenogr/show/5817.html https://www.rada.gov.ua/meeting/stenogr/show/6120.html https://www.rada.gov.ua/meeting/stenogr/show/6120.html https://www.rada.gov.ua/meeting/stenogr/show/6120.html https://www.rada.gov.ua/meeting/stenogr/show/6120.html https://www.rada.gov.ua/meeting/stenogr/show/6120.html https://www.rada.gov.ua/meeting/stenogr/show/6120.html https://www.rada.gov.ua/meeting/stenogr/show/6120.html https://www.rada.gov.ua/meeting/stenogr/show/6120.html https://www.rada.gov.ua/meeting/stenogr/show/6120.html https://www.rada.gov.ua/meeting/stenogr/show/6120.html https://www.rada.gov.ua/meeting/stenogr/show/6120.html https://www.rada.gov.ua/meeting/stenogr/show/6120.html https://www.rada.gov.ua/meeting/stenogr/show/6120.html https://www.rada.gov.ua/meeting/stenogr/show/6120.html https://www.rada.gov.ua/meeting/stenogr/show/6120.html https://www.rada.gov.ua/meeting/stenogr/show/6120.html https://www.rada.gov.ua/meeting/stenogr/show/6120.html https://www.rada.gov.ua/meeting/stenogr/show/6120.html https://www.rada.gov.ua/meeting/stenogr/show/6744.html https://www.rada.gov.ua/meeting/stenogr/show/6744.html https://www.rada.gov.ua/meeting/stenogr/show/6744.html		
1	ВолодимирПавловичГорбулін	Володимир	Павлович	Горбулін		M			https://www.rada.gov.ua/meeting/stenogr/show/6554.html		
1	ІгорЄвгеновичГоцул	Ігор	Євгенович	Гоцул		M			https://www.rada.gov.ua/meeting/stenogr/show/6336.html https://www.rada.gov.ua/meeting/stenogr/show/6336.html https://www.rada.gov.ua/meeting/stenogr/show/6336.html https://www.rada.gov.ua/meeting/stenogr/show/6336.html		
1	АндрійІвановичГраділь	Андрій	Іванович	Граділь		M			https://www.rada.gov.ua/meeting/stenogr/show/6481.html https://www.rada.gov.ua/meeting/stenogr/show/7118.html https://www.rada.gov.ua/meeting/stenogr/show/7118.html https://www.rada.gov.ua/meeting/stenogr/show/7118.html https://www.rada.gov.ua/meeting/stenogr/show/7118.html https://www.rada.gov.ua/meeting/stenogr/show/7118.html https://www.rada.gov.ua/meeting/stenogr/show/7118.html https://www.rada.gov.ua/meeting/stenogr/show/7118.html https://www.rada.gov.ua/meeting/stenogr/show/7118.html https://www.rada.gov.ua/meeting/stenogr/show/7118.html		
1	ВіталійВячеславовичГрень.1986	Віталій	Вячеславович	Грень	1986-06-18	M	Ukraine	член Центральної виборчої комісії	https://www.rada.gov.ua/meeting/stenogr/show/7235.html	https://cvk.gov.ua/sklad_cvk/gren-vitaliy-vyacheslavovich.html	
1	ПавлоМиколайовичГречківський	Павло	Миколайович	Гречківський		M			https://www.rada.gov.ua/meeting/stenogr/show/5423.html		
1	ЮрійВеніаміновичГусєв	Юрій	Веніамінович	Гусєв		M			https://www.rada.gov.ua/meeting/stenogr/show/5842.html https://www.rada.gov.ua/meeting/stenogr/show/5842.html https://www.rada.gov.ua/meeting/stenogr/show/5927.html https://www.rada.gov.ua/meeting/stenogr/show/5927.html https://www.rada.gov.ua/meeting/stenogr/show/5927.html https://www.rada.gov.ua/meeting/stenogr/show/5927.html https://www.rada.gov.ua/meeting/stenogr/show/5927.html		
1	Дєєва			Дєєва		F			https://www.rada.gov.ua/meeting/stenogr/show/6356.html https://www.rada.gov.ua/meeting/stenogr/show/6356.html https://www.rada.gov.ua/meeting/stenogr/show/6407.html		
1	Данішевська			Данішевська		F			https://www.rada.gov.ua/meeting/stenogr/show/7240.html https://www.rada.gov.ua/meeting/stenogr/show/7240.html https://www.rada.gov.ua/meeting/stenogr/show/7240.html https://www.rada.gov.ua/meeting/stenogr/show/7245.html		
1	ДмитроВолодимировичДемидович	Дмитро	Володимирович	Демидович		M			https://www.rada.gov.ua/meeting/stenogr/show/4977.html https://www.rada.gov.ua/meeting/stenogr/show/4977.html		
1									https://www.rada.gov.ua/meeting/stenogr/show/5164.html		
1	Джапарова			Джапарова		F			https://www.rada.gov.ua/meeting/stenogr/show/6295.html		
1	Джигир			Джигир					https://www.rada.gov.ua/meeting/stenogr/show/7187.html https://www.rada.gov.ua/meeting/stenogr/show/7252.html https://www.rada.gov.ua/meeting/stenogr/show/7252.html https://www.rada.gov.ua/meeting/stenogr/show/7252.html https://www.rada.gov.ua/meeting/stenogr/show/7252.html https://www.rada.gov.ua/meeting/stenogr/show/7252.html https://www.rada.gov.ua/meeting/stenogr/show/7252.html https://www.rada.gov.ua/meeting/stenogr/show/7252.html https://www.rada.gov.ua/meeting/stenogr/show/7341.html		
1	ДжоБайден	Джо		Байден		M			https://www.rada.gov.ua/meeting/stenogr/show/6061.html https://www.rada.gov.ua/meeting/stenogr/show/6061.html		
1	ВікторМиколайовичДовган	Віктор	Миколайович	Довган		M			https://www.rada.gov.ua/meeting/stenogr/show/6391.html https://www.rada.gov.ua/meeting/stenogr/show/6462.html https://www.rada.gov.ua/meeting/stenogr/show/6492.html https://www.rada.gov.ua/meeting/stenogr/show/6508.html https://www.rada.gov.ua/meeting/stenogr/show/6607.html https://www.rada.gov.ua/meeting/stenogr/show/6734.html https://www.rada.gov.ua/meeting/stenogr/show/7052.html https://www.rada.gov.ua/meeting/stenogr/show/7052.html https://www.rada.gov.ua/meeting/stenogr/show/7127.html https://www.rada.gov.ua/meeting/stenogr/show/7127.html https://www.rada.gov.ua/meeting/stenogr/show/7127.html https://www.rada.gov.ua/meeting/stenogr/show/7127.html https://www.rada.gov.ua/meeting/stenogr/show/7202.html https://www.rada.gov.ua/meeting/stenogr/show/7206.html		
1	ІгорОлексійовичДолгов	Ігор	Олексійович	Долгов		M			https://www.rada.gov.ua/meeting/stenogr/show/5933.html https://www.rada.gov.ua/meeting/stenogr/show/5933.html		
1	ЮрійОлеговичДраганчук	Юрій	Олегович	Драганчук		M			https://www.rada.gov.ua/meeting/stenogr/show/7762.html https://www.rada.gov.ua/meeting/stenogr/show/7954.html		
1	БогданЄвгеновичДрап'ятий	Богдан	Євгенович	Драп'ятий		M			https://www.rada.gov.ua/meeting/stenogr/show/7873.html https://www.rada.gov.ua/meeting/stenogr/show/7886.html https://www.rada.gov.ua/meeting/stenogr/show/7904.html https://www.rada.gov.ua/meeting/stenogr/show/7914.html https://www.rada.gov.ua/meeting/stenogr/show/7914.html https://www.rada.gov.ua/meeting/stenogr/show/7954.html		
1	ЛідіяМиколаївнаДроздова	Лідія	Миколаївна	Дроздова		F			https://www.rada.gov.ua/meeting/stenogr/show/4997.html https://www.rada.gov.ua/meeting/stenogr/show/5035.html		
1	ОлександрВолодимировичДублян	Олександр	Володимирович	Дублян		M			https://www.rada.gov.ua/meeting/stenogr/show/6248.html https://www.rada.gov.ua/meeting/stenogr/show/6331.html https://www.rada.gov.ua/meeting/stenogr/show/6331.html https://www.rada.gov.ua/meeting/stenogr/show/6331.html https://www.rada.gov.ua/meeting/stenogr/show/6350.html		
1	Дубовик			Дубовик			Ukraine		https://www.rada.gov.ua/meeting/stenogr/show/5022.html https://www.rada.gov.ua/meeting/stenogr/show/5070.html https://www.rada.gov.ua/meeting/stenogr/show/5070.html https://www.rada.gov.ua/meeting/stenogr/show/5070.html https://www.rada.gov.ua/meeting/stenogr/show/5070.html		
1	СергійОлеговичДубовик.1971	Сергій	Олегович	Дубовик	1971-04-22	M	Ukraine	член Центральної виборчої комісії	https://www.rada.gov.ua/meeting/stenogr/show/7235.html	https://cvk.gov.ua/sklad_cvk/dubovik-sergiy-olegovich.html	
1	ОльгаМиколаївнаЖелтова	Ольга	Миколаївна	Желтова		F			https://www.rada.gov.ua/meeting/stenogr/show/6919.html		
1	ЖерарЛарше	Жерар		Ларше		M			https://www.rada.gov.ua/meeting/stenogr/show/8024.html		
1	ДмитроВолодимировичЖуравльов	Дмитро	Володимирович	Журавльов		M			https://www.rada.gov.ua/meeting/stenogr/show/8033.html https://www.rada.gov.ua/meeting/stenogr/show/8033.html https://www.rada.gov.ua/meeting/stenogr/show/8033.html https://www.rada.gov.ua/meeting/stenogr/show/8033.html https://www.rada.gov.ua/meeting/stenogr/show/8033.html https://www.rada.gov.ua/meeting/stenogr/show/8033.html		
1	ЕмануелісЗінгяріас	Емануеліс		Зінгяріас		M			https://www.rada.gov.ua/meeting/stenogr/show/7954.html		
1	Закопець			Закопець					https://www.rada.gov.ua/meeting/stenogr/show/6253.html		
1	Замана			Замана		M			https://www.rada.gov.ua/meeting/stenogr/show/5168.html		
1	Замлинський			Замлинський		M			https://www.rada.gov.ua/meeting/stenogr/show/7561.html https://www.rada.gov.ua/meeting/stenogr/show/7617.html https://www.rada.gov.ua/meeting/stenogr/show/7865.html		
1	Захаров			Захаров		M			https://www.rada.gov.ua/meeting/stenogr/show/6436.html		
1	ВолодимирПавловичЗвєрєв	Володимир	Павлович	Звєрєв		M			https://www.rada.gov.ua/meeting/stenogr/show/5906.html https://www.rada.gov.ua/meeting/stenogr/show/5906.html		
1	ЕкаЗгуладзе	Ека		Згуладзе		F			https://www.rada.gov.ua/meeting/stenogr/show/5781.html		
1	Згуладзе			Згуладзе		F			https://www.rada.gov.ua/meeting/stenogr/show/5781.html		
1	Згуладзе-Глуксманн			Згуладзе-Глуксманн					https://www.rada.gov.ua/meeting/stenogr/show/5888.html https://www.rada.gov.ua/meeting/stenogr/show/5888.html https://www.rada.gov.ua/meeting/stenogr/show/5941.html https://www.rada.gov.ua/meeting/stenogr/show/5941.html https://www.rada.gov.ua/meeting/stenogr/show/5941.html https://www.rada.gov.ua/meeting/stenogr/show/5945.html https://www.rada.gov.ua/meeting/stenogr/show/5945.html https://www.rada.gov.ua/meeting/stenogr/show/5945.html https://www.rada.gov.ua/meeting/stenogr/show/5945.html https://www.rada.gov.ua/meeting/stenogr/show/5947.html		
1	Згуладзе-Глуксманн			Згуладзе-Глуксманн					https://www.rada.gov.ua/meeting/stenogr/show/5945.html		
1	Зеркаль			Зеркаль		F			https://www.rada.gov.ua/meeting/stenogr/show/6131.html https://www.rada.gov.ua/meeting/stenogr/show/6520.html https://www.rada.gov.ua/meeting/stenogr/show/6520.html https://www.rada.gov.ua/meeting/stenogr/show/6734.html https://www.rada.gov.ua/meeting/stenogr/show/6886.html https://www.rada.gov.ua/meeting/stenogr/show/6886.html https://www.rada.gov.ua/meeting/stenogr/show/6886.html		
1	ЗузанаЧапутова	Зузана		Чапутова		F			https://www.rada.gov.ua/meeting/stenogr/show/8005.html		
1	Зюков			Зюков					https://www.rada.gov.ua/meeting/stenogr/show/5686.html		
1	ЙонасЛесіс	Йонас		Лесіс		M			https://www.rada.gov.ua/meeting/stenogr/show/6963.html		
1	Карандєєв			Карандєєв		M			https://www.rada.gov.ua/meeting/stenogr/show/5894.html https://www.rada.gov.ua/meeting/stenogr/show/6323.html https://www.rada.gov.ua/meeting/stenogr/show/7630.html https://www.rada.gov.ua/meeting/stenogr/show/7739.html https://www.rada.gov.ua/meeting/stenogr/show/7752.html https://www.rada.gov.ua/meeting/stenogr/show/7834.html		
1	ВадимАнатолійовичКарандій	Вадим	Анатолійович	Карандій		M			https://www.rada.gov.ua/meeting/stenogr/show/7141.html		
1	ОлександраОлександрівнаКармаза.1972	Олександра	Олександрівна	Кармаза	1972-11-08	F	Ukraine	член Центральної виборчої комісії	https://www.rada.gov.ua/meeting/stenogr/show/7235.html	https://cvk.gov.ua/sklad_cvk/karmaza-oleksandra-oleksandrivna.html	
1	ОлександрВолодимировичКасмінін	Олександр	Володимирович	Касмінін		M			https://www.rada.gov.ua/meeting/stenogr/show/5060.html		
1	МиколаОлександровичКизим	Микола	Олександрович	Кизим		M			https://www.rada.gov.ua/meeting/stenogr/show/7688.html https://www.rada.gov.ua/meeting/stenogr/show/7699.html https://www.rada.gov.ua/meeting/stenogr/show/7793.html		
1	СергійОлеговичКислиця	Сергій	Олегович	Кислиця		M			https://www.rada.gov.ua/meeting/stenogr/show/5488.html https://www.rada.gov.ua/meeting/stenogr/show/6303.html https://www.rada.gov.ua/meeting/stenogr/show/6303.html https://www.rada.gov.ua/meeting/stenogr/show/6336.html https://www.rada.gov.ua/meeting/stenogr/show/6391.html https://www.rada.gov.ua/meeting/stenogr/show/6391.html https://www.rada.gov.ua/meeting/stenogr/show/6533.html https://www.rada.gov.ua/meeting/stenogr/show/6607.html https://www.rada.gov.ua/meeting/stenogr/show/6976.html https://www.rada.gov.ua/meeting/stenogr/show/6976.html https://www.rada.gov.ua/meeting/stenogr/show/6976.html https://www.rada.gov.ua/meeting/stenogr/show/6976.html https://www.rada.gov.ua/meeting/stenogr/show/6979.html		
1	СергійМиколайовичКнязєв	Сергій	Миколайович	Князєв		M			https://www.rada.gov.ua/meeting/stenogr/show/6936.html https://www.rada.gov.ua/meeting/stenogr/show/6936.html https://www.rada.gov.ua/meeting/stenogr/show/6936.html		
1	ЯремБогдановичКовалів	Ярем	Богданович	Ковалів		M			https://www.rada.gov.ua/meeting/stenogr/show/6430.html		
1	ПавлоКовтонюк	Павло		Ковтонюк		M			https://www.rada.gov.ua/meeting/stenogr/show/6819.html https://www.rada.gov.ua/meeting/stenogr/show/6819.html https://www.rada.gov.ua/meeting/stenogr/show/6819.html https://www.rada.gov.ua/meeting/stenogr/show/6847.html https://www.rada.gov.ua/meeting/stenogr/show/6919.html https://www.rada.gov.ua/meeting/stenogr/show/7010.html https://www.rada.gov.ua/meeting/stenogr/show/7038.html https://www.rada.gov.ua/meeting/stenogr/show/7038.html https://www.rada.gov.ua/meeting/stenogr/show/7095.html https://www.rada.gov.ua/meeting/stenogr/show/7169.html		
1	Ковтунець			Ковтунець					https://www.rada.gov.ua/meeting/stenogr/show/6407.html https://www.rada.gov.ua/meeting/stenogr/show/6407.html https://www.rada.gov.ua/meeting/stenogr/show/6407.html https://www.rada.gov.ua/meeting/stenogr/show/6407.html https://www.rada.gov.ua/meeting/stenogr/show/6407.html https://www.rada.gov.ua/meeting/stenogr/show/6609.html https://www.rada.gov.ua/meeting/stenogr/show/6629.html https://www.rada.gov.ua/meeting/stenogr/show/6659.html https://www.rada.gov.ua/meeting/stenogr/show/6659.html https://www.rada.gov.ua/meeting/stenogr/show/6704.html https://www.rada.gov.ua/meeting/stenogr/show/6847.html https://www.rada.gov.ua/meeting/stenogr/show/6905.html		
1	ПавлоГенріховичКозирєв	Павло	Генріхович	Козирєв		M			https://www.rada.gov.ua/meeting/stenogr/show/5257.html https://www.rada.gov.ua/meeting/stenogr/show/5257.html		
1	НаталіяВікторівнаКозловська	Наталія	Вікторівна	Козловська		F			https://www.rada.gov.ua/meeting/stenogr/show/8061.html		
1	В'ячеславМиколайовичКоломієць	В'ячеслав	Миколайович	Коломієць		M			https://www.rada.gov.ua/meeting/stenogr/show/4941.html https://www.rada.gov.ua/meeting/stenogr/show/4951.html https://www.rada.gov.ua/meeting/stenogr/show/4951.html https://www.rada.gov.ua/meeting/stenogr/show/4951.html https://www.rada.gov.ua/meeting/stenogr/show/4969.html https://www.rada.gov.ua/meeting/stenogr/show/5018.html https://www.rada.gov.ua/meeting/stenogr/show/5027.html https://www.rada.gov.ua/meeting/stenogr/show/5048.html https://www.rada.gov.ua/meeting/stenogr/show/5048.html https://www.rada.gov.ua/meeting/stenogr/show/5113.html		
1	ВалеріяРудольфівнаКоломієць	Валерія	Рудольфівна	Коломієць		M			https://www.rada.gov.ua/meeting/stenogr/show/7432.html https://www.rada.gov.ua/meeting/stenogr/show/7730.html https://www.rada.gov.ua/meeting/stenogr/show/7730.html https://www.rada.gov.ua/meeting/stenogr/show/7730.html https://www.rada.gov.ua/meeting/stenogr/show/7730.html https://www.rada.gov.ua/meeting/stenogr/show/7730.html https://www.rada.gov.ua/meeting/stenogr/show/7730.html https://www.rada.gov.ua/meeting/stenogr/show/7730.html https://www.rada.gov.ua/meeting/stenogr/show/7730.html https://www.rada.gov.ua/meeting/stenogr/show/7730.html https://www.rada.gov.ua/meeting/stenogr/show/7730.html https://www.rada.gov.ua/meeting/stenogr/show/7730.html https://www.rada.gov.ua/meeting/stenogr/show/7730.html https://www.rada.gov.ua/meeting/stenogr/show/7730.html https://www.rada.gov.ua/meeting/stenogr/show/7730.html https://www.rada.gov.ua/meeting/stenogr/show/7730.html https://www.rada.gov.ua/meeting/stenogr/show/7730.html https://www.rada.gov.ua/meeting/stenogr/show/7730.html https://www.rada.gov.ua/meeting/stenogr/show/7730.html https://www.rada.gov.ua/meeting/stenogr/show/7730.html https://www.rada.gov.ua/meeting/stenogr/show/7730.html https://www.rada.gov.ua/meeting/stenogr/show/7730.html https://www.rada.gov.ua/meeting/stenogr/show/7730.html https://www.rada.gov.ua/meeting/stenogr/show/7730.html https://www.rada.gov.ua/meeting/stenogr/show/7886.html https://www.rada.gov.ua/meeting/stenogr/show/7954.html		
1	ОлександрОлеговичКомаріда	Олександр	Олегович	Комаріда		M			https://www.rada.gov.ua/meeting/stenogr/show/7873.html https://www.rada.gov.ua/meeting/stenogr/show/7873.html		
1	Коморовський			Коморовський		M			https://www.rada.gov.ua/meeting/stenogr/show/5842.html https://www.rada.gov.ua/meeting/stenogr/show/5842.html		
1	ОлегМиколайовичКонопольський	Олег	Миколайович	Конопольський		M			https://www.rada.gov.ua/meeting/stenogr/show/6919.html		
1	Корзун			Корзун					https://www.rada.gov.ua/meeting/stenogr/show/6469.html https://www.rada.gov.ua/meeting/stenogr/show/6629.html https://www.rada.gov.ua/meeting/stenogr/show/6777.html https://www.rada.gov.ua/meeting/stenogr/show/6819.html https://www.rada.gov.ua/meeting/stenogr/show/6819.html https://www.rada.gov.ua/meeting/stenogr/show/6847.html https://www.rada.gov.ua/meeting/stenogr/show/6847.html https://www.rada.gov.ua/meeting/stenogr/show/6847.html https://www.rada.gov.ua/meeting/stenogr/show/6919.html https://www.rada.gov.ua/meeting/stenogr/show/6919.html https://www.rada.gov.ua/meeting/stenogr/show/7024.html https://www.rada.gov.ua/meeting/stenogr/show/7024.html https://www.rada.gov.ua/meeting/stenogr/show/7095.html https://www.rada.gov.ua/meeting/stenogr/show/7095.html https://www.rada.gov.ua/meeting/stenogr/show/7127.html https://www.rada.gov.ua/meeting/stenogr/show/7127.html https://www.rada.gov.ua/meeting/stenogr/show/7127.html https://www.rada.gov.ua/meeting/stenogr/show/7155.html https://www.rada.gov.ua/meeting/stenogr/show/7169.html		
1	АнтонОлександровичКориневич	Антон	Олександрович	Кориневич		M			https://www.rada.gov.ua/meeting/stenogr/show/7922.html		
1	ОлександрВасильовичКорнейко	Олександр	Васильович	Корнейко		M			https://www.rada.gov.ua/meeting/stenogr/show/5840.html https://www.rada.gov.ua/meeting/stenogr/show/5866.html https://www.rada.gov.ua/meeting/stenogr/show/5866.html https://www.rada.gov.ua/meeting/stenogr/show/5866.html		
1	ВолодимирІвановичКосюга	Володимир	Іванович	Косюга		M			https://www.rada.gov.ua/meeting/stenogr/show/5257.html https://www.rada.gov.ua/meeting/stenogr/show/5257.html		
1	Крапівницька			Крапівницька		F			https://www.rada.gov.ua/meeting/stenogr/show/5060.html		
1	ОлександрВасильовичКраснолуцький	Олександр	Васильович	Краснолуцький		M			https://www.rada.gov.ua/meeting/stenogr/show/7908.html		
1	ЯрославВасильовичКраснопольський	Ярослав	Васильович	Краснопольський		M			https://www.rada.gov.ua/meeting/stenogr/show/6057.html		
1	Красносільська			Красносільська		F			https://www.rada.gov.ua/meeting/stenogr/show/7198.html https://www.rada.gov.ua/meeting/stenogr/show/7202.html https://www.rada.gov.ua/meeting/stenogr/show/7202.html https://www.rada.gov.ua/meeting/stenogr/show/7205.html https://www.rada.gov.ua/meeting/stenogr/show/7205.html https://www.rada.gov.ua/meeting/stenogr/show/7212.html https://www.rada.gov.ua/meeting/stenogr/show/7216.html https://www.rada.gov.ua/meeting/stenogr/show/7216.html https://www.rada.gov.ua/meeting/stenogr/show/7227.html https://www.rada.gov.ua/meeting/stenogr/show/7227.html https://www.rada.gov.ua/meeting/stenogr/show/7227.html https://www.rada.gov.ua/meeting/stenogr/show/7227.html https://www.rada.gov.ua/meeting/stenogr/show/7227.html https://www.rada.gov.ua/meeting/stenogr/show/7227.html https://www.rada.gov.ua/meeting/stenogr/show/7227.html https://www.rada.gov.ua/meeting/stenogr/show/7227.html https://www.rada.gov.ua/meeting/stenogr/show/7227.html https://www.rada.gov.ua/meeting/stenogr/show/7227.html https://www.rada.gov.ua/meeting/stenogr/show/7247.html https://www.rada.gov.ua/meeting/stenogr/show/7265.html https://www.rada.gov.ua/meeting/stenogr/show/7265.html https://www.rada.gov.ua/meeting/stenogr/show/7265.html https://www.rada.gov.ua/meeting/stenogr/show/7265.html https://www.rada.gov.ua/meeting/stenogr/show/7265.html https://www.rada.gov.ua/meeting/stenogr/show/7265.html https://www.rada.gov.ua/meeting/stenogr/show/7265.html https://www.rada.gov.ua/meeting/stenogr/show/7265.html https://www.rada.gov.ua/meeting/stenogr/show/7289.html https://www.rada.gov.ua/meeting/stenogr/show/7298.html		
1	ОльгаПетрівнаКрентовська	Ольга	Петрівна	Крентовська		F			https://www.rada.gov.ua/meeting/stenogr/show/6347.html https://www.rada.gov.ua/meeting/stenogr/show/6347.html https://www.rada.gov.ua/meeting/stenogr/show/6347.html https://www.rada.gov.ua/meeting/stenogr/show/6777.html https://www.rada.gov.ua/meeting/stenogr/show/6777.html		
1	ВолодимирПетровичКрижанівський	Володимир	Петрович	Крижанівський		M			https://www.rada.gov.ua/meeting/stenogr/show/7802.html		
1	ОлексійКудрявцев	Олексій		Кудрявцев		M			https://www.rada.gov.ua/meeting/stenogr/show/6950.html https://www.rada.gov.ua/meeting/stenogr/show/6950.html		
1	ВіталійМиколайовичКузьмишин	Віталій	Миколайович	Кузьмишин		M			https://www.rada.gov.ua/meeting/stenogr/show/5027.html https://www.rada.gov.ua/meeting/stenogr/show/5027.html		
1	ОлександрВ'ячеславовичКурдінович	Олександр	В'ячеславович	Курдінович		M			https://www.rada.gov.ua/meeting/stenogr/show/5028.html https://www.rada.gov.ua/meeting/stenogr/show/5028.html		
1	ЄвгенСергійовичКуренков	Євген	Сергійович	Куренков		M			https://www.rada.gov.ua/meeting/stenogr/show/5080.html https://www.rada.gov.ua/meeting/stenogr/show/5096.html https://www.rada.gov.ua/meeting/stenogr/show/6038.html https://www.rada.gov.ua/meeting/stenogr/show/6038.html		
1	СергійІвановичКурикін	Сергій	Іванович	Курикін		M			https://www.rada.gov.ua/meeting/stenogr/show/5921.html https://www.rada.gov.ua/meeting/stenogr/show/5933.html https://www.rada.gov.ua/meeting/stenogr/show/5950.html https://www.rada.gov.ua/meeting/stenogr/show/6013.html		
1	АніфеКуртсеітова	Аніфе		Куртсеітова		F			https://www.rada.gov.ua/meeting/stenogr/show/6436.html		
1	ЛеонідДаниловичКучма	Леонід	Данилович	Кучма		M			https://www.rada.gov.ua/meeting/stenogr/show/7753.html		
1	ЛінаДешвар	Ліна		Дешвар		F			https://www.rada.gov.ua/meeting/stenogr/show/7910.html		
1	Лінчевський			Лінчевський		M			https://www.rada.gov.ua/meeting/stenogr/show/6440.html		
1	Лісневська			Лісневська		F			https://www.rada.gov.ua/meeting/stenogr/show/5645.html		
1	Лісовенко			Лісовенко		M			https://www.rada.gov.ua/meeting/stenogr/show/5634.html https://www.rada.gov.ua/meeting/stenogr/show/5652.html https://www.rada.gov.ua/meeting/stenogr/show/5659.html https://www.rada.gov.ua/meeting/stenogr/show/5741.html https://www.rada.gov.ua/meeting/stenogr/show/5741.html https://www.rada.gov.ua/meeting/stenogr/show/5741.html https://www.rada.gov.ua/meeting/stenogr/show/5762.html		
1	Лісовенко			Лісовенко					https://www.rada.gov.ua/meeting/stenogr/show/5634.html		
1	ІгорДмитровичЛіховий	Ігор	Дмитрович	Ліховий		M			https://www.rada.gov.ua/meeting/stenogr/show/5942.html https://www.rada.gov.ua/meeting/stenogr/show/6004.html		
1	ІванЮрійовичЛіщина	Іван	Юрійович	Ліщина		M			https://www.rada.gov.ua/meeting/stenogr/show/6871.html https://www.rada.gov.ua/meeting/stenogr/show/6871.html		
1	ЮрійФедоровичЛавренюк	Юрій	Федорович	Лавренюк		M			https://www.rada.gov.ua/meeting/stenogr/show/6478.html https://www.rada.gov.ua/meeting/stenogr/show/6530.html https://www.rada.gov.ua/meeting/stenogr/show/6724.html https://www.rada.gov.ua/meeting/stenogr/show/6724.html https://www.rada.gov.ua/meeting/stenogr/show/6819.html https://www.rada.gov.ua/meeting/stenogr/show/6913.html https://www.rada.gov.ua/meeting/stenogr/show/6913.html https://www.rada.gov.ua/meeting/stenogr/show/6913.html https://www.rada.gov.ua/meeting/stenogr/show/6913.html https://www.rada.gov.ua/meeting/stenogr/show/6919.html https://www.rada.gov.ua/meeting/stenogr/show/7141.html https://www.rada.gov.ua/meeting/stenogr/show/7141.html		
1	ВасильВасильовичЛазоришинець	Василь	Васильович	Лазоришинець		M			https://www.rada.gov.ua/meeting/stenogr/show/5645.html https://www.rada.gov.ua/meeting/stenogr/show/5645.html https://www.rada.gov.ua/meeting/stenogr/show/5645.html https://www.rada.gov.ua/meeting/stenogr/show/5645.html https://www.rada.gov.ua/meeting/stenogr/show/5645.html https://www.rada.gov.ua/meeting/stenogr/show/5645.html https://www.rada.gov.ua/meeting/stenogr/show/5645.html https://www.rada.gov.ua/meeting/stenogr/show/5645.html https://www.rada.gov.ua/meeting/stenogr/show/5645.html https://www.rada.gov.ua/meeting/stenogr/show/5645.html		
1	БорисБорисовичЛебедцов	Борис	Борисович	Лебедцов		M			https://www.rada.gov.ua/meeting/stenogr/show/7512.html https://www.rada.gov.ua/meeting/stenogr/show/7538.html https://www.rada.gov.ua/meeting/stenogr/show/7538.html https://www.rada.gov.ua/meeting/stenogr/show/7938.html		
1	СергійІвановичЛекарь	Сергій	Іванович	Лекарь		M			https://www.rada.gov.ua/meeting/stenogr/show/4941.html https://www.rada.gov.ua/meeting/stenogr/show/4941.html https://www.rada.gov.ua/meeting/stenogr/show/4941.html		
1	Лузан			Лузан					https://www.rada.gov.ua/meeting/stenogr/show/6084.html		
1	Лутковська			Лутковська		F			https://www.rada.gov.ua/meeting/stenogr/show/5001.html https://www.rada.gov.ua/meeting/stenogr/show/5001.html https://www.rada.gov.ua/meeting/stenogr/show/5001.html https://www.rada.gov.ua/meeting/stenogr/show/5001.html https://www.rada.gov.ua/meeting/stenogr/show/5001.html https://www.rada.gov.ua/meeting/stenogr/show/5001.html https://www.rada.gov.ua/meeting/stenogr/show/5001.html https://www.rada.gov.ua/meeting/stenogr/show/5001.html https://www.rada.gov.ua/meeting/stenogr/show/5001.html https://www.rada.gov.ua/meeting/stenogr/show/5001.html https://www.rada.gov.ua/meeting/stenogr/show/5001.html https://www.rada.gov.ua/meeting/stenogr/show/5001.html https://www.rada.gov.ua/meeting/stenogr/show/5001.html https://www.rada.gov.ua/meeting/stenogr/show/5001.html https://www.rada.gov.ua/meeting/stenogr/show/5001.html		
1	МиколаВолодимировичЛюбинецький	Микола	Володимирович	Любинецький		M			https://www.rada.gov.ua/meeting/stenogr/show/5016.html		
1	МілошВистрчіл.1960	Мілош		Вистрчіл	1960-08-10	M	CZ	Президент Сенату Парламенту Чеської Республіки	https://www.rada.gov.ua/meeting/stenogr/show/7800.html https://www.rada.gov.ua/meeting/stenogr/show/7990.html		https://en.wikipedia.org/wiki/Milo%C5%A1_Vystr%C4%8Dil
1	Макеєва			Макеєва		F			https://www.rada.gov.ua/meeting/stenogr/show/5916.html https://www.rada.gov.ua/meeting/stenogr/show/5916.html https://www.rada.gov.ua/meeting/stenogr/show/5916.html https://www.rada.gov.ua/meeting/stenogr/show/5945.html https://www.rada.gov.ua/meeting/stenogr/show/5950.html https://www.rada.gov.ua/meeting/stenogr/show/5956.html https://www.rada.gov.ua/meeting/stenogr/show/5995.html https://www.rada.gov.ua/meeting/stenogr/show/5995.html https://www.rada.gov.ua/meeting/stenogr/show/5995.html https://www.rada.gov.ua/meeting/stenogr/show/5995.html https://www.rada.gov.ua/meeting/stenogr/show/6020.html https://www.rada.gov.ua/meeting/stenogr/show/6047.html https://www.rada.gov.ua/meeting/stenogr/show/6076.html https://www.rada.gov.ua/meeting/stenogr/show/6076.html https://www.rada.gov.ua/meeting/stenogr/show/6081.html https://www.rada.gov.ua/meeting/stenogr/show/6217.html		
1	МаксимАнатолійовичМалашкін	Максим	Анатолійович	Малашкін		M			https://www.rada.gov.ua/meeting/stenogr/show/6036.html		
1	ОлексійВолодимировичМаловацький	Олексій	Володимирович	Маловацький		M			https://www.rada.gov.ua/meeting/stenogr/show/5882.html		
1	АндрійВолодимировичМамалига	Андрій	Володимирович	Мамалига		M			https://www.rada.gov.ua/meeting/stenogr/show/6746.html https://www.rada.gov.ua/meeting/stenogr/show/6746.html		
1	ІринаЮріївнаМамонтова	Ірина	Юріївна	Мамонтова		F			https://www.rada.gov.ua/meeting/stenogr/show/5882.html		
1	ВолодимирАнатолійовичМанжосов	Володимир	Анатолійович	Манжосов		M			https://www.rada.gov.ua/meeting/stenogr/show/4974.html https://www.rada.gov.ua/meeting/stenogr/show/4974.html https://www.rada.gov.ua/meeting/stenogr/show/4974.html https://www.rada.gov.ua/meeting/stenogr/show/4974.html https://www.rada.gov.ua/meeting/stenogr/show/4974.html https://www.rada.gov.ua/meeting/stenogr/show/4974.html https://www.rada.gov.ua/meeting/stenogr/show/4974.html https://www.rada.gov.ua/meeting/stenogr/show/4974.html https://www.rada.gov.ua/meeting/stenogr/show/4974.html https://www.rada.gov.ua/meeting/stenogr/show/4974.html https://www.rada.gov.ua/meeting/stenogr/show/4974.html https://www.rada.gov.ua/meeting/stenogr/show/4974.html		
1	МаркРютте	Марк		Рютте		M			https://www.rada.gov.ua/meeting/stenogr/show/7998.html		
1	МеттеФредеріксен	Метте		Фредеріксен		M			https://www.rada.gov.ua/meeting/stenogr/show/8017.html		
1	Мехед			Мехед					https://www.rada.gov.ua/meeting/stenogr/show/5681.html https://www.rada.gov.ua/meeting/stenogr/show/5690.html https://www.rada.gov.ua/meeting/stenogr/show/5691.html https://www.rada.gov.ua/meeting/stenogr/show/5762.html https://www.rada.gov.ua/meeting/stenogr/show/5762.html https://www.rada.gov.ua/meeting/stenogr/show/5779.html https://www.rada.gov.ua/meeting/stenogr/show/5779.html https://www.rada.gov.ua/meeting/stenogr/show/5808.html https://www.rada.gov.ua/meeting/stenogr/show/5811.html https://www.rada.gov.ua/meeting/stenogr/show/5811.html https://www.rada.gov.ua/meeting/stenogr/show/5866.html https://www.rada.gov.ua/meeting/stenogr/show/5906.html https://www.rada.gov.ua/meeting/stenogr/show/5980.html https://www.rada.gov.ua/meeting/stenogr/show/5980.html https://www.rada.gov.ua/meeting/stenogr/show/5980.html		
1	ІринаМикичак	Ірина		Микичак		F			https://www.rada.gov.ua/meeting/stenogr/show/7502.html https://www.rada.gov.ua/meeting/stenogr/show/7565.html		
1	ОленаАнатоліївнаМиколайчук	Олена	Анатоліївна	Миколайчук		F			https://www.rada.gov.ua/meeting/stenogr/show/5084.html		
1	НаталіяЯрославівнаМикольська	Наталія	Ярославівна	Микольська		F			https://www.rada.gov.ua/meeting/stenogr/show/6020.html https://www.rada.gov.ua/meeting/stenogr/show/6020.html https://www.rada.gov.ua/meeting/stenogr/show/6020.html https://www.rada.gov.ua/meeting/stenogr/show/6064.html https://www.rada.gov.ua/meeting/stenogr/show/6099.html https://www.rada.gov.ua/meeting/stenogr/show/6099.html https://www.rada.gov.ua/meeting/stenogr/show/6114.html https://www.rada.gov.ua/meeting/stenogr/show/6114.html https://www.rada.gov.ua/meeting/stenogr/show/6141.html https://www.rada.gov.ua/meeting/stenogr/show/6141.html https://www.rada.gov.ua/meeting/stenogr/show/6149.html https://www.rada.gov.ua/meeting/stenogr/show/6505.html https://www.rada.gov.ua/meeting/stenogr/show/6505.html https://www.rada.gov.ua/meeting/stenogr/show/6637.html https://www.rada.gov.ua/meeting/stenogr/show/6637.html https://www.rada.gov.ua/meeting/stenogr/show/6713.html		
1	РаїсаОлександрівнаМоісеєнко	Раїса	Олександрівна	Моісеєнко		F			https://www.rada.gov.ua/meeting/stenogr/show/4128.html		
1	ВолодимирМиколайовичМожаровський	Володимир	Миколайович	Можаровський		M			https://www.rada.gov.ua/meeting/stenogr/show/5018.html https://www.rada.gov.ua/meeting/stenogr/show/5027.html		
1	ІнараМурнієце	Інара		Мурнієце		F			https://www.rada.gov.ua/meeting/stenogr/show/7982.html		
1	МустафаДжемілєв	Мустафа		Джемілєв		M			https://www.rada.gov.ua/meeting/stenogr/show/6668.html		
1	МюкремінШахін	Мюкремін		Шахін		M			https://www.rada.gov.ua/meeting/stenogr/show/6668.html		
1	АнатолійІвановичМярковський	Анатолій	Іванович	Мярковський		M			https://www.rada.gov.ua/meeting/stenogr/show/4106.html https://www.rada.gov.ua/meeting/stenogr/show/4106.html https://www.rada.gov.ua/meeting/stenogr/show/4106.html https://www.rada.gov.ua/meeting/stenogr/show/4106.html https://www.rada.gov.ua/meeting/stenogr/show/4106.html https://www.rada.gov.ua/meeting/stenogr/show/4106.html https://www.rada.gov.ua/meeting/stenogr/show/4106.html https://www.rada.gov.ua/meeting/stenogr/show/4106.html https://www.rada.gov.ua/meeting/stenogr/show/4106.html https://www.rada.gov.ua/meeting/stenogr/show/4106.html https://www.rada.gov.ua/meeting/stenogr/show/4106.html https://www.rada.gov.ua/meeting/stenogr/show/4106.html https://www.rada.gov.ua/meeting/stenogr/show/4106.html https://www.rada.gov.ua/meeting/stenogr/show/4106.html https://www.rada.gov.ua/meeting/stenogr/show/4106.html https://www.rada.gov.ua/meeting/stenogr/show/4128.html https://www.rada.gov.ua/meeting/stenogr/show/4938.html https://www.rada.gov.ua/meeting/stenogr/show/4951.html https://www.rada.gov.ua/meeting/stenogr/show/4951.html https://www.rada.gov.ua/meeting/stenogr/show/4951.html https://www.rada.gov.ua/meeting/stenogr/show/4951.html https://www.rada.gov.ua/meeting/stenogr/show/4951.html https://www.rada.gov.ua/meeting/stenogr/show/4951.html https://www.rada.gov.ua/meeting/stenogr/show/4981.html https://www.rada.gov.ua/meeting/stenogr/show/4985.html https://www.rada.gov.ua/meeting/stenogr/show/4985.html https://www.rada.gov.ua/meeting/stenogr/show/5009.html https://www.rada.gov.ua/meeting/stenogr/show/5066.html https://www.rada.gov.ua/meeting/stenogr/show/5066.html https://www.rada.gov.ua/meeting/stenogr/show/5066.html https://www.rada.gov.ua/meeting/stenogr/show/5066.html https://www.rada.gov.ua/meeting/stenogr/show/5092.html https://www.rada.gov.ua/meeting/stenogr/show/5092.html https://www.rada.gov.ua/meeting/stenogr/show/5092.html https://www.rada.gov.ua/meeting/stenogr/show/5136.html https://www.rada.gov.ua/meeting/stenogr/show/5136.html https://www.rada.gov.ua/meeting/stenogr/show/5136.html https://www.rada.gov.ua/meeting/stenogr/show/5136.html https://www.rada.gov.ua/meeting/stenogr/show/5243.html https://www.rada.gov.ua/meeting/stenogr/show/5243.html		
1	АнатолійІвановичМярковський	Анатолій	Іванович	Мярковський		M			https://www.rada.gov.ua/meeting/stenogr/show/4938.html		
1	ВолодимирНікіфоренко	Володимир		Нікіфоренко		M			https://www.rada.gov.ua/meeting/stenogr/show/7273.html		
1	ВолодимирСтепановичНікіфоренко	Володимир	Степанович	Нікіфоренко		M			https://www.rada.gov.ua/meeting/stenogr/show/7250.html https://www.rada.gov.ua/meeting/stenogr/show/7258.html		
1	СергійАнатолійовичНіколайчук	Сергій	Анатолійович	Ніколайчук		M			https://www.rada.gov.ua/meeting/stenogr/show/7293.html		
1	НайджелБраун	Найджел		Браун		M			https://www.rada.gov.ua/meeting/stenogr/show/6436.html https://www.rada.gov.ua/meeting/stenogr/show/6436.html https://www.rada.gov.ua/meeting/stenogr/show/6436.html https://www.rada.gov.ua/meeting/stenogr/show/6436.html		
1	Негода			Негода		M			https://www.rada.gov.ua/meeting/stenogr/show/5982.html https://www.rada.gov.ua/meeting/stenogr/show/5982.html https://www.rada.gov.ua/meeting/stenogr/show/6020.html https://www.rada.gov.ua/meeting/stenogr/show/6020.html https://www.rada.gov.ua/meeting/stenogr/show/6378.html https://www.rada.gov.ua/meeting/stenogr/show/6378.html https://www.rada.gov.ua/meeting/stenogr/show/6378.html https://www.rada.gov.ua/meeting/stenogr/show/6378.html https://www.rada.gov.ua/meeting/stenogr/show/6898.html https://www.rada.gov.ua/meeting/stenogr/show/6898.html https://www.rada.gov.ua/meeting/stenogr/show/6898.html https://www.rada.gov.ua/meeting/stenogr/show/6898.html https://www.rada.gov.ua/meeting/stenogr/show/6898.html https://www.rada.gov.ua/meeting/stenogr/show/6898.html https://www.rada.gov.ua/meeting/stenogr/show/6898.html https://www.rada.gov.ua/meeting/stenogr/show/6898.html https://www.rada.gov.ua/meeting/stenogr/show/7010.html https://www.rada.gov.ua/meeting/stenogr/show/7010.html https://www.rada.gov.ua/meeting/stenogr/show/7010.html https://www.rada.gov.ua/meeting/stenogr/show/7270.html https://www.rada.gov.ua/meeting/stenogr/show/7270.html https://www.rada.gov.ua/meeting/stenogr/show/7531.html https://www.rada.gov.ua/meeting/stenogr/show/7647.html https://www.rada.gov.ua/meeting/stenogr/show/7840.html https://www.rada.gov.ua/meeting/stenogr/show/7840.html https://www.rada.gov.ua/meeting/stenogr/show/7840.html		
1	МаксимЄвгеновичНефьодов	Максим	Євгенович	Нефьодов		M			https://www.rada.gov.ua/meeting/stenogr/show/5929.html https://www.rada.gov.ua/meeting/stenogr/show/5970.html https://www.rada.gov.ua/meeting/stenogr/show/6087.html https://www.rada.gov.ua/meeting/stenogr/show/6128.html https://www.rada.gov.ua/meeting/stenogr/show/6128.html https://www.rada.gov.ua/meeting/stenogr/show/6128.html https://www.rada.gov.ua/meeting/stenogr/show/6159.html https://www.rada.gov.ua/meeting/stenogr/show/6238.html https://www.rada.gov.ua/meeting/stenogr/show/6270.html https://www.rada.gov.ua/meeting/stenogr/show/6270.html https://www.rada.gov.ua/meeting/stenogr/show/6270.html https://www.rada.gov.ua/meeting/stenogr/show/6291.html https://www.rada.gov.ua/meeting/stenogr/show/6457.html https://www.rada.gov.ua/meeting/stenogr/show/6457.html https://www.rada.gov.ua/meeting/stenogr/show/6457.html https://www.rada.gov.ua/meeting/stenogr/show/6462.html https://www.rada.gov.ua/meeting/stenogr/show/6464.html https://www.rada.gov.ua/meeting/stenogr/show/6524.html https://www.rada.gov.ua/meeting/stenogr/show/6524.html https://www.rada.gov.ua/meeting/stenogr/show/6524.html https://www.rada.gov.ua/meeting/stenogr/show/6524.html https://www.rada.gov.ua/meeting/stenogr/show/6607.html https://www.rada.gov.ua/meeting/stenogr/show/6637.html https://www.rada.gov.ua/meeting/stenogr/show/6637.html https://www.rada.gov.ua/meeting/stenogr/show/6639.html https://www.rada.gov.ua/meeting/stenogr/show/6641.html https://www.rada.gov.ua/meeting/stenogr/show/6689.html https://www.rada.gov.ua/meeting/stenogr/show/6753.html https://www.rada.gov.ua/meeting/stenogr/show/6933.html https://www.rada.gov.ua/meeting/stenogr/show/6933.html https://www.rada.gov.ua/meeting/stenogr/show/6960.html https://www.rada.gov.ua/meeting/stenogr/show/7052.html https://www.rada.gov.ua/meeting/stenogr/show/7052.html https://www.rada.gov.ua/meeting/stenogr/show/7067.html https://www.rada.gov.ua/meeting/stenogr/show/7206.html		
1	ОлексійСергійовичОрловський	Олексій	Сергійович	Орловський		M			https://www.rada.gov.ua/meeting/stenogr/show/5257.html https://www.rada.gov.ua/meeting/stenogr/show/5257.html		
1	Остріков			Остріков		M			https://www.rada.gov.ua/meeting/stenogr/show/6846.html		
1	МихайлоОхендовський	Михайло		Охендовський		M			https://www.rada.gov.ua/meeting/stenogr/show/5556.html https://www.rada.gov.ua/meeting/stenogr/show/5631.html https://www.rada.gov.ua/meeting/stenogr/show/5631.html		
1									https://www.rada.gov.ua/meeting/stenogr/show/5227.html https://www.rada.gov.ua/meeting/stenogr/show/5227.html https://www.rada.gov.ua/meeting/stenogr/show/5227.html https://www.rada.gov.ua/meeting/stenogr/show/5232.html https://www.rada.gov.ua/meeting/stenogr/show/5252.html https://www.rada.gov.ua/meeting/stenogr/show/5252.html		
1	Піщанська			Піщанська		F			https://www.rada.gov.ua/meeting/stenogr/show/7499.html		
1	СвітланаМиколаївнаПанаіотіді	Світлана	Миколаївна	Панаіотіді		M			https://www.rada.gov.ua/meeting/stenogr/show/7614.html https://www.rada.gov.ua/meeting/stenogr/show/7647.html https://www.rada.gov.ua/meeting/stenogr/show/7647.html https://www.rada.gov.ua/meeting/stenogr/show/7647.html https://www.rada.gov.ua/meeting/stenogr/show/7670.html		
1	ПаолоАллі	Паоло		Аллі		0			https://www.rada.gov.ua/meeting/stenogr/show/6554.html		
1	ДмитроМиколайовичПарфененко	Дмитро	Миколайович	Парфененко		M			https://www.rada.gov.ua/meeting/stenogr/show/5822.html https://www.rada.gov.ua/meeting/stenogr/show/5874.html https://www.rada.gov.ua/meeting/stenogr/show/6062.html https://www.rada.gov.ua/meeting/stenogr/show/6094.html		
1	Перевезенцев			Перевезенцев		M			https://www.rada.gov.ua/meeting/stenogr/show/6913.html		
1	ВолодимирГригоровичПерепелюк.1975	Володимир	Григорович	Перепелюк	1975-08-19	M	Ukraine	член Центральної виборчої комісії	https://www.rada.gov.ua/meeting/stenogr/show/7235.html	https://cvk.gov.ua/sklad_cvk/perepelyuk-volodimir-grigorovich.html	
1	АндрейПленкович	Андрей		Пленкович		M			https://www.rada.gov.ua/meeting/stenogr/show/8069.html		
1	СергійОлександровичПостівий.1987	Сергій	Олександрович	Постівий	1987-01-24	M	Ukraine	член Центральної виборчої комісії	https://www.rada.gov.ua/meeting/stenogr/show/7235.html	https://cvk.gov.ua/sklad_cvk/postiviy-sergiy-oleksandrovich.html	
1	ОлександрВіталійовичПривалов	Олександр	Віталійович	Привалов		M			https://www.rada.gov.ua/meeting/stenogr/show/6481.html https://www.rada.gov.ua/meeting/stenogr/show/6648.html https://www.rada.gov.ua/meeting/stenogr/show/6648.html		
1	Прохоренко			Прохоренко		M			https://www.rada.gov.ua/meeting/stenogr/show/5992.html https://www.rada.gov.ua/meeting/stenogr/show/5992.html https://www.rada.gov.ua/meeting/stenogr/show/5992.html https://www.rada.gov.ua/meeting/stenogr/show/5992.html https://www.rada.gov.ua/meeting/stenogr/show/5992.html https://www.rada.gov.ua/meeting/stenogr/show/5992.html		
1	Пауль-ФранцовичПшенічка	Пауль 	Францович	Пшенічка		M			https://www.rada.gov.ua/meeting/stenogr/show/6913.html https://www.rada.gov.ua/meeting/stenogr/show/6913.html		
1	РікардуБешіга	Рікарду		Бешіга		0			https://www.rada.gov.ua/meeting/stenogr/show/6963.html		
1	Радутний			Радутний		M			https://www.rada.gov.ua/meeting/stenogr/show/5255.html https://www.rada.gov.ua/meeting/stenogr/show/5641.html https://www.rada.gov.ua/meeting/stenogr/show/5840.html		
1	ЮріРатас	Юрі		Ратас		M			https://www.rada.gov.ua/meeting/stenogr/show/7982.html		
1	РефатЧубаров	Рефат		Чубаров		M			https://www.rada.gov.ua/meeting/stenogr/show/6668.html		
1	РобертХантер	Роберт		Хантер		M			https://www.rada.gov.ua/meeting/stenogr/show/6554.html		
1	РобертаМецола	Роберта		Мецола		F			https://www.rada.gov.ua/meeting/stenogr/show/8038.html https://www.rada.gov.ua/meeting/stenogr/show/8088.html		
1	Рогова			Рогова		M			https://www.rada.gov.ua/meeting/stenogr/show/7834.html https://www.rada.gov.ua/meeting/stenogr/show/7934.html		
1	ОлександрВікторовичРоманішин	Олександр	Вікторович	Романішин		M			https://www.rada.gov.ua/meeting/stenogr/show/7644.html		
1	Роменський			Роменський		M			https://www.rada.gov.ua/meeting/stenogr/show/6221.html https://www.rada.gov.ua/meeting/stenogr/show/6246.html https://www.rada.gov.ua/meeting/stenogr/show/6246.html https://www.rada.gov.ua/meeting/stenogr/show/6246.html https://www.rada.gov.ua/meeting/stenogr/show/6246.html https://www.rada.gov.ua/meeting/stenogr/show/6246.html		
1	ІванСтепановичРуснак	Іван	Степанович	Руснак		M			https://www.rada.gov.ua/meeting/stenogr/show/5773.html https://www.rada.gov.ua/meeting/stenogr/show/5840.html https://www.rada.gov.ua/meeting/stenogr/show/5840.html https://www.rada.gov.ua/meeting/stenogr/show/5840.html https://www.rada.gov.ua/meeting/stenogr/show/5916.html https://www.rada.gov.ua/meeting/stenogr/show/6017.html https://www.rada.gov.ua/meeting/stenogr/show/6017.html https://www.rada.gov.ua/meeting/stenogr/show/6017.html https://www.rada.gov.ua/meeting/stenogr/show/6017.html https://www.rada.gov.ua/meeting/stenogr/show/6039.html https://www.rada.gov.ua/meeting/stenogr/show/6043.html https://www.rada.gov.ua/meeting/stenogr/show/6043.html https://www.rada.gov.ua/meeting/stenogr/show/6047.html https://www.rada.gov.ua/meeting/stenogr/show/6134.html https://www.rada.gov.ua/meeting/stenogr/show/6154.html https://www.rada.gov.ua/meeting/stenogr/show/6164.html https://www.rada.gov.ua/meeting/stenogr/show/6252.html https://www.rada.gov.ua/meeting/stenogr/show/6281.html https://www.rada.gov.ua/meeting/stenogr/show/6420.html https://www.rada.gov.ua/meeting/stenogr/show/6539.html https://www.rada.gov.ua/meeting/stenogr/show/6539.html https://www.rada.gov.ua/meeting/stenogr/show/6701.html https://www.rada.gov.ua/meeting/stenogr/show/6763.html https://www.rada.gov.ua/meeting/stenogr/show/6775.html https://www.rada.gov.ua/meeting/stenogr/show/6886.html https://www.rada.gov.ua/meeting/stenogr/show/6979.html https://www.rada.gov.ua/meeting/stenogr/show/7038.html https://www.rada.gov.ua/meeting/stenogr/show/7081.html https://www.rada.gov.ua/meeting/stenogr/show/7081.html https://www.rada.gov.ua/meeting/stenogr/show/7155.html		
1	Рутицька			Рутицька		F			https://www.rada.gov.ua/meeting/stenogr/show/5840.html		
1	Рябошапка			Рябошапка		M			https://www.rada.gov.ua/meeting/stenogr/show/7190.html https://www.rada.gov.ua/meeting/stenogr/show/7190.html https://www.rada.gov.ua/meeting/stenogr/show/7190.html https://www.rada.gov.ua/meeting/stenogr/show/7190.html https://www.rada.gov.ua/meeting/stenogr/show/7190.html https://www.rada.gov.ua/meeting/stenogr/show/7190.html https://www.rada.gov.ua/meeting/stenogr/show/7190.html https://www.rada.gov.ua/meeting/stenogr/show/7190.html https://www.rada.gov.ua/meeting/stenogr/show/7262.html https://www.rada.gov.ua/meeting/stenogr/show/7262.html https://www.rada.gov.ua/meeting/stenogr/show/7262.html https://www.rada.gov.ua/meeting/stenogr/show/7262.html https://www.rada.gov.ua/meeting/stenogr/show/7262.html https://www.rada.gov.ua/meeting/stenogr/show/7262.html https://www.rada.gov.ua/meeting/stenogr/show/7378.html https://www.rada.gov.ua/meeting/stenogr/show/7378.html https://www.rada.gov.ua/meeting/stenogr/show/7378.html https://www.rada.gov.ua/meeting/stenogr/show/7378.html https://www.rada.gov.ua/meeting/stenogr/show/7378.html https://www.rada.gov.ua/meeting/stenogr/show/7378.html https://www.rada.gov.ua/meeting/stenogr/show/7378.html https://www.rada.gov.ua/meeting/stenogr/show/7378.html https://www.rada.gov.ua/meeting/stenogr/show/7384.html		
1	МиколІвановичСірий	Микол	Іванович	Сірий		M			https://www.rada.gov.ua/meeting/stenogr/show/7561.html https://www.rada.gov.ua/meeting/stenogr/show/8033.html https://www.rada.gov.ua/meeting/stenogr/show/8033.html https://www.rada.gov.ua/meeting/stenogr/show/8033.html https://www.rada.gov.ua/meeting/stenogr/show/8033.html		
1	ІринаДмитрівнаСадов'як	Ірина	Дмитрівна	Садов'як		F			https://www.rada.gov.ua/meeting/stenogr/show/7733.html		
1	ДавидСакварелідзе	Давид		Сакварелідзе		M			https://www.rada.gov.ua/meeting/stenogr/show/5851.html https://www.rada.gov.ua/meeting/stenogr/show/5851.html https://www.rada.gov.ua/meeting/stenogr/show/5851.html https://www.rada.gov.ua/meeting/stenogr/show/5941.html		
1	ІгорЛеоновичСамсін	Ігор	Леонович	Самсін		M			https://www.rada.gov.ua/meeting/stenogr/show/4962.html https://www.rada.gov.ua/meeting/stenogr/show/4962.html https://www.rada.gov.ua/meeting/stenogr/show/4962.html https://www.rada.gov.ua/meeting/stenogr/show/4962.html https://www.rada.gov.ua/meeting/stenogr/show/4962.html https://www.rada.gov.ua/meeting/stenogr/show/4962.html https://www.rada.gov.ua/meeting/stenogr/show/4962.html https://www.rada.gov.ua/meeting/stenogr/show/4962.html https://www.rada.gov.ua/meeting/stenogr/show/4976.html https://www.rada.gov.ua/meeting/stenogr/show/4976.html https://www.rada.gov.ua/meeting/stenogr/show/4976.html https://www.rada.gov.ua/meeting/stenogr/show/4976.html https://www.rada.gov.ua/meeting/stenogr/show/4976.html https://www.rada.gov.ua/meeting/stenogr/show/4976.html https://www.rada.gov.ua/meeting/stenogr/show/4976.html https://www.rada.gov.ua/meeting/stenogr/show/4976.html https://www.rada.gov.ua/meeting/stenogr/show/4976.html https://www.rada.gov.ua/meeting/stenogr/show/4976.html https://www.rada.gov.ua/meeting/stenogr/show/4976.html https://www.rada.gov.ua/meeting/stenogr/show/4976.html https://www.rada.gov.ua/meeting/stenogr/show/4976.html https://www.rada.gov.ua/meeting/stenogr/show/5046.html https://www.rada.gov.ua/meeting/stenogr/show/5046.html https://www.rada.gov.ua/meeting/stenogr/show/5046.html https://www.rada.gov.ua/meeting/stenogr/show/5046.html https://www.rada.gov.ua/meeting/stenogr/show/5046.html https://www.rada.gov.ua/meeting/stenogr/show/5046.html https://www.rada.gov.ua/meeting/stenogr/show/5046.html https://www.rada.gov.ua/meeting/stenogr/show/5046.html https://www.rada.gov.ua/meeting/stenogr/show/5046.html https://www.rada.gov.ua/meeting/stenogr/show/5046.html https://www.rada.gov.ua/meeting/stenogr/show/5046.html https://www.rada.gov.ua/meeting/stenogr/show/5046.html https://www.rada.gov.ua/meeting/stenogr/show/5046.html https://www.rada.gov.ua/meeting/stenogr/show/5046.html https://www.rada.gov.ua/meeting/stenogr/show/5046.html https://www.rada.gov.ua/meeting/stenogr/show/5046.html https://www.rada.gov.ua/meeting/stenogr/show/5068.html https://www.rada.gov.ua/meeting/stenogr/show/5068.html https://www.rada.gov.ua/meeting/stenogr/show/5068.html https://www.rada.gov.ua/meeting/stenogr/show/5068.html https://www.rada.gov.ua/meeting/stenogr/show/5068.html https://www.rada.gov.ua/meeting/stenogr/show/5068.html https://www.rada.gov.ua/meeting/stenogr/show/5068.html https://www.rada.gov.ua/meeting/stenogr/show/5068.html https://www.rada.gov.ua/meeting/stenogr/show/5068.html https://www.rada.gov.ua/meeting/stenogr/show/5068.html https://www.rada.gov.ua/meeting/stenogr/show/5068.html https://www.rada.gov.ua/meeting/stenogr/show/5068.html https://www.rada.gov.ua/meeting/stenogr/show/5068.html https://www.rada.gov.ua/meeting/stenogr/show/5068.html https://www.rada.gov.ua/meeting/stenogr/show/5068.html https://www.rada.gov.ua/meeting/stenogr/show/5068.html https://www.rada.gov.ua/meeting/stenogr/show/5096.html https://www.rada.gov.ua/meeting/stenogr/show/5096.html https://www.rada.gov.ua/meeting/stenogr/show/5096.html https://www.rada.gov.ua/meeting/stenogr/show/5096.html		
1	СандерЛевін	Сандер		Левін		M			https://www.rada.gov.ua/meeting/stenogr/show/6963.html		
1	ПаулюсСаударгас	Паулюс		Саударгас		M			https://www.rada.gov.ua/meeting/stenogr/show/7954.html		
1	Свінціцька			Свінціцька		F			https://www.rada.gov.ua/meeting/stenogr/show/5060.html		
1	ОлександрСветелік	Олександр		Светелік		M			https://www.rada.gov.ua/meeting/stenogr/show/5830.html https://www.rada.gov.ua/meeting/stenogr/show/5830.html https://www.rada.gov.ua/meeting/stenogr/show/5830.html https://www.rada.gov.ua/meeting/stenogr/show/5830.html https://www.rada.gov.ua/meeting/stenogr/show/5830.html https://www.rada.gov.ua/meeting/stenogr/show/5830.html https://www.rada.gov.ua/meeting/stenogr/show/5830.html https://www.rada.gov.ua/meeting/stenogr/show/5830.html https://www.rada.gov.ua/meeting/stenogr/show/5830.html https://www.rada.gov.ua/meeting/stenogr/show/5830.html https://www.rada.gov.ua/meeting/stenogr/show/5830.html https://www.rada.gov.ua/meeting/stenogr/show/5840.html https://www.rada.gov.ua/meeting/stenogr/show/5862.html https://www.rada.gov.ua/meeting/stenogr/show/5950.html https://www.rada.gov.ua/meeting/stenogr/show/5982.html https://www.rada.gov.ua/meeting/stenogr/show/5982.html https://www.rada.gov.ua/meeting/stenogr/show/5982.html https://www.rada.gov.ua/meeting/stenogr/show/5982.html		
1	НаталіяІларіонівнаСевастьянова	Наталія	Іларіонівна	Севастьянова		F			https://www.rada.gov.ua/meeting/stenogr/show/5773.html https://www.rada.gov.ua/meeting/stenogr/show/5826.html https://www.rada.gov.ua/meeting/stenogr/show/5827.html https://www.rada.gov.ua/meeting/stenogr/show/5827.html https://www.rada.gov.ua/meeting/stenogr/show/5827.html https://www.rada.gov.ua/meeting/stenogr/show/5876.html https://www.rada.gov.ua/meeting/stenogr/show/5890.html https://www.rada.gov.ua/meeting/stenogr/show/5904.html https://www.rada.gov.ua/meeting/stenogr/show/5904.html https://www.rada.gov.ua/meeting/stenogr/show/5927.html https://www.rada.gov.ua/meeting/stenogr/show/6099.html https://www.rada.gov.ua/meeting/stenogr/show/6109.html https://www.rada.gov.ua/meeting/stenogr/show/6177.html https://www.rada.gov.ua/meeting/stenogr/show/6438.html https://www.rada.gov.ua/meeting/stenogr/show/6553.html		
1	Семиноженко			Семиноженко		M			https://www.rada.gov.ua/meeting/stenogr/show/5627.html		
1	ВасильМиколайовичСерватюк	Василь	Миколайович	Серватюк		M			https://www.rada.gov.ua/meeting/stenogr/show/5933.html https://www.rada.gov.ua/meeting/stenogr/show/6114.html https://www.rada.gov.ua/meeting/stenogr/show/6983.html https://www.rada.gov.ua/meeting/stenogr/show/6983.html https://www.rada.gov.ua/meeting/stenogr/show/6983.html		
1	ПавлоФедоровичСкутельник	Павло	Федорович	Скутельник		M			https://www.rada.gov.ua/meeting/stenogr/show/6050.html https://www.rada.gov.ua/meeting/stenogr/show/6050.html https://www.rada.gov.ua/meeting/stenogr/show/6050.html		
1	ТетянаВолодимирівнаСліпачук	Тетяна	Володимирівна	Сліпачук		F			https://www.rada.gov.ua/meeting/stenogr/show/6919.html https://www.rada.gov.ua/meeting/stenogr/show/7110.html https://www.rada.gov.ua/meeting/stenogr/show/7110.html		
1	ІваннаВасилівнаСмачило	Іванна	Василівна	Смачило		F			https://www.rada.gov.ua/meeting/stenogr/show/7127.html https://www.rada.gov.ua/meeting/stenogr/show/7127.html		
1	ЯковВасильовичСмолій	Яков	Васильович	Смолій		M			https://www.rada.gov.ua/meeting/stenogr/show/6436.html https://www.rada.gov.ua/meeting/stenogr/show/6672.html https://www.rada.gov.ua/meeting/stenogr/show/6744.html https://www.rada.gov.ua/meeting/stenogr/show/6801.html https://www.rada.gov.ua/meeting/stenogr/show/6846.html https://www.rada.gov.ua/meeting/stenogr/show/7007.html https://www.rada.gov.ua/meeting/stenogr/show/7007.html https://www.rada.gov.ua/meeting/stenogr/show/7007.html https://www.rada.gov.ua/meeting/stenogr/show/7007.html https://www.rada.gov.ua/meeting/stenogr/show/7007.html https://www.rada.gov.ua/meeting/stenogr/show/7007.html https://www.rada.gov.ua/meeting/stenogr/show/7007.html https://www.rada.gov.ua/meeting/stenogr/show/7007.html https://www.rada.gov.ua/meeting/stenogr/show/7007.html https://www.rada.gov.ua/meeting/stenogr/show/7007.html https://www.rada.gov.ua/meeting/stenogr/show/7422.html https://www.rada.gov.ua/meeting/stenogr/show/7422.html https://www.rada.gov.ua/meeting/stenogr/show/7422.html https://www.rada.gov.ua/meeting/stenogr/show/7422.html https://www.rada.gov.ua/meeting/stenogr/show/7422.html https://www.rada.gov.ua/meeting/stenogr/show/7422.html https://www.rada.gov.ua/meeting/stenogr/show/7422.html https://www.rada.gov.ua/meeting/stenogr/show/7422.html https://www.rada.gov.ua/meeting/stenogr/show/7479.html https://www.rada.gov.ua/meeting/stenogr/show/7479.html https://www.rada.gov.ua/meeting/stenogr/show/7479.html https://www.rada.gov.ua/meeting/stenogr/show/7479.html https://www.rada.gov.ua/meeting/stenogr/show/7479.html https://www.rada.gov.ua/meeting/stenogr/show/7479.html https://www.rada.gov.ua/meeting/stenogr/show/7479.html https://www.rada.gov.ua/meeting/stenogr/show/7479.html https://www.rada.gov.ua/meeting/stenogr/show/7479.html https://www.rada.gov.ua/meeting/stenogr/show/7479.html		
1	ГригорійГригоровичСоболевський	Григорій	Григорович	Соболевський		M			https://www.rada.gov.ua/meeting/stenogr/show/5072.html		
1	НадіяМихайлівнаСольона	Надія	Михайлівна	Сольона		F			https://www.rada.gov.ua/meeting/stenogr/show/6038.html https://www.rada.gov.ua/meeting/stenogr/show/6038.html https://www.rada.gov.ua/meeting/stenogr/show/6038.html		
1	Дукар			Дукар		M			https://www.rada.gov.ua/meeting/stenogr/show/6554.html		
1	МиколаМихайловичСтеблинський	Микола	Михайлович	Стеблинський		M			https://www.rada.gov.ua/meeting/stenogr/show/5027.html		
1	СтефанРоманів	Стефан		Романів		M			https://www.rada.gov.ua/meeting/stenogr/show/6963.html		
1	МаксимВіталійовичСтріха	Максим	Віталійович	Стріха		M			https://www.rada.gov.ua/meeting/stenogr/show/5937.html https://www.rada.gov.ua/meeting/stenogr/show/6130.html https://www.rada.gov.ua/meeting/stenogr/show/6246.html https://www.rada.gov.ua/meeting/stenogr/show/6246.html https://www.rada.gov.ua/meeting/stenogr/show/6246.html https://www.rada.gov.ua/meeting/stenogr/show/6307.html https://www.rada.gov.ua/meeting/stenogr/show/6307.html https://www.rada.gov.ua/meeting/stenogr/show/6505.html https://www.rada.gov.ua/meeting/stenogr/show/6637.html		
1	ОленаВалеріївнСукманова	Олена	Валеріївн	Сукманова		F			https://www.rada.gov.ua/meeting/stenogr/show/6969.html https://www.rada.gov.ua/meeting/stenogr/show/6969.html https://www.rada.gov.ua/meeting/stenogr/show/6969.html https://www.rada.gov.ua/meeting/stenogr/show/6969.html https://www.rada.gov.ua/meeting/stenogr/show/6989.html https://www.rada.gov.ua/meeting/stenogr/show/7024.html https://www.rada.gov.ua/meeting/stenogr/show/7024.html https://www.rada.gov.ua/meeting/stenogr/show/7169.html		
1	МихайлоІвановичТітарчук	Михайло	Іванович	Тітарчук		M			https://www.rada.gov.ua/meeting/stenogr/show/6434.html https://www.rada.gov.ua/meeting/stenogr/show/6434.html https://www.rada.gov.ua/meeting/stenogr/show/6732.html https://www.rada.gov.ua/meeting/stenogr/show/6732.html https://www.rada.gov.ua/meeting/stenogr/show/6732.html https://www.rada.gov.ua/meeting/stenogr/show/6732.html https://www.rada.gov.ua/meeting/stenogr/show/6737.html https://www.rada.gov.ua/meeting/stenogr/show/6737.html https://www.rada.gov.ua/meeting/stenogr/show/6737.html https://www.rada.gov.ua/meeting/stenogr/show/6739.html https://www.rada.gov.ua/meeting/stenogr/show/6739.html https://www.rada.gov.ua/meeting/stenogr/show/6739.html https://www.rada.gov.ua/meeting/stenogr/show/6739.html https://www.rada.gov.ua/meeting/stenogr/show/6739.html https://www.rada.gov.ua/meeting/stenogr/show/6768.html https://www.rada.gov.ua/meeting/stenogr/show/6768.html https://www.rada.gov.ua/meeting/stenogr/show/6768.html https://www.rada.gov.ua/meeting/stenogr/show/6768.html https://www.rada.gov.ua/meeting/stenogr/show/6794.html https://www.rada.gov.ua/meeting/stenogr/show/6813.html https://www.rada.gov.ua/meeting/stenogr/show/6813.html https://www.rada.gov.ua/meeting/stenogr/show/6813.html https://www.rada.gov.ua/meeting/stenogr/show/6879.html https://www.rada.gov.ua/meeting/stenogr/show/6879.html https://www.rada.gov.ua/meeting/stenogr/show/6879.html https://www.rada.gov.ua/meeting/stenogr/show/6879.html https://www.rada.gov.ua/meeting/stenogr/show/6879.html https://www.rada.gov.ua/meeting/stenogr/show/6879.html https://www.rada.gov.ua/meeting/stenogr/show/6879.html https://www.rada.gov.ua/meeting/stenogr/show/6879.html https://www.rada.gov.ua/meeting/stenogr/show/6879.html https://www.rada.gov.ua/meeting/stenogr/show/6881.html https://www.rada.gov.ua/meeting/stenogr/show/6886.html		
1	Тахтай			Тахтай					https://www.rada.gov.ua/meeting/stenogr/show/6295.html https://www.rada.gov.ua/meeting/stenogr/show/6831.html https://www.rada.gov.ua/meeting/stenogr/show/6831.html		
1	ДмитроМихайловичТевелєв	Дмитро	Михайлович	Тевелєв		M			https://www.rada.gov.ua/meeting/stenogr/show/5011.html https://www.rada.gov.ua/meeting/stenogr/show/5011.html https://www.rada.gov.ua/meeting/stenogr/show/5077.html		
1	ДмитроМиколайовичТевелів	Дмитро	Миколайович	Тевелів		M			https://www.rada.gov.ua/meeting/stenogr/show/5750.html		
1	РишардТерлецький	Ришард		Терлецький		M			https://www.rada.gov.ua/meeting/stenogr/show/7954.html		
1	ТобайясЕлвуд	Тобайяс		Елвуд		M			https://www.rada.gov.ua/meeting/stenogr/show/7957.html		
1	ТомашГродзький	Томаш		Гродзький		M			https://www.rada.gov.ua/meeting/stenogr/show/7959.html https://www.rada.gov.ua/meeting/stenogr/show/7990.html		
1	МиколаСтаніславовичТочицький	Микола	Станіславович	Точицький		M			https://www.rada.gov.ua/meeting/stenogr/show/8030.html		
1	ВадимАнатолійовичТроян	Вадим	Анатолійович	Троян		M			https://www.rada.gov.ua/meeting/stenogr/show/6361.html https://www.rada.gov.ua/meeting/stenogr/show/6481.html https://www.rada.gov.ua/meeting/stenogr/show/6549.html https://www.rada.gov.ua/meeting/stenogr/show/6553.html https://www.rada.gov.ua/meeting/stenogr/show/6553.html https://www.rada.gov.ua/meeting/stenogr/show/6562.html https://www.rada.gov.ua/meeting/stenogr/show/6728.html https://www.rada.gov.ua/meeting/stenogr/show/6742.html https://www.rada.gov.ua/meeting/stenogr/show/6742.html https://www.rada.gov.ua/meeting/stenogr/show/6910.html https://www.rada.gov.ua/meeting/stenogr/show/6910.html https://www.rada.gov.ua/meeting/stenogr/show/6910.html https://www.rada.gov.ua/meeting/stenogr/show/6910.html https://www.rada.gov.ua/meeting/stenogr/show/6910.html https://www.rada.gov.ua/meeting/stenogr/show/6910.html https://www.rada.gov.ua/meeting/stenogr/show/6969.html https://www.rada.gov.ua/meeting/stenogr/show/6969.html https://www.rada.gov.ua/meeting/stenogr/show/7067.html https://www.rada.gov.ua/meeting/stenogr/show/7081.html https://www.rada.gov.ua/meeting/stenogr/show/7081.html https://www.rada.gov.ua/meeting/stenogr/show/7127.html https://www.rada.gov.ua/meeting/stenogr/show/7141.html https://www.rada.gov.ua/meeting/stenogr/show/7181.html		
1	ВіталійМиколайовичТрубаров	Віталій	Миколайович	Трубаров		M			https://www.rada.gov.ua/meeting/stenogr/show/6639.html https://www.rada.gov.ua/meeting/stenogr/show/6639.html		
1	Тука			Тука		M			https://www.rada.gov.ua/meeting/stenogr/show/7095.html		
1	ОлександрСергійовичУдовиченко	Олександр	Сергійович	Удовиченко		M			https://www.rada.gov.ua/meeting/stenogr/show/4990.html https://www.rada.gov.ua/meeting/stenogr/show/4990.html https://www.rada.gov.ua/meeting/stenogr/show/4990.html https://www.rada.gov.ua/meeting/stenogr/show/4990.html https://www.rada.gov.ua/meeting/stenogr/show/4990.html https://www.rada.gov.ua/meeting/stenogr/show/5016.html https://www.rada.gov.ua/meeting/stenogr/show/5016.html https://www.rada.gov.ua/meeting/stenogr/show/5016.html https://www.rada.gov.ua/meeting/stenogr/show/5016.html https://www.rada.gov.ua/meeting/stenogr/show/5068.html https://www.rada.gov.ua/meeting/stenogr/show/5068.html https://www.rada.gov.ua/meeting/stenogr/show/5068.html https://www.rada.gov.ua/meeting/stenogr/show/5080.html https://www.rada.gov.ua/meeting/stenogr/show/5080.html https://www.rada.gov.ua/meeting/stenogr/show/5080.html https://www.rada.gov.ua/meeting/stenogr/show/5080.html https://www.rada.gov.ua/meeting/stenogr/show/5080.html https://www.rada.gov.ua/meeting/stenogr/show/5096.html https://www.rada.gov.ua/meeting/stenogr/show/5096.html https://www.rada.gov.ua/meeting/stenogr/show/5096.html https://www.rada.gov.ua/meeting/stenogr/show/5096.html https://www.rada.gov.ua/meeting/stenogr/show/5096.html https://www.rada.gov.ua/meeting/stenogr/show/5096.html https://www.rada.gov.ua/meeting/stenogr/show/5096.html https://www.rada.gov.ua/meeting/stenogr/show/5096.html https://www.rada.gov.ua/meeting/stenogr/show/5096.html https://www.rada.gov.ua/meeting/stenogr/show/5096.html https://www.rada.gov.ua/meeting/stenogr/show/5096.html https://www.rada.gov.ua/meeting/stenogr/show/5096.html https://www.rada.gov.ua/meeting/stenogr/show/5096.html https://www.rada.gov.ua/meeting/stenogr/show/5096.html https://www.rada.gov.ua/meeting/stenogr/show/5096.html		
1	Улида			Улида					https://www.rada.gov.ua/meeting/stenogr/show/5423.html https://www.rada.gov.ua/meeting/stenogr/show/5423.html		
1	ДенисВалерійовичУлютін	Денис	Валерійович	Улютін		M			https://www.rada.gov.ua/meeting/stenogr/show/7479.html https://www.rada.gov.ua/meeting/stenogr/show/7521.html https://www.rada.gov.ua/meeting/stenogr/show/7521.html https://www.rada.gov.ua/meeting/stenogr/show/7825.html		
1	Урсулафон-дер-Ляєн	Урсула		фон дер Ляєн		F			https://www.rada.gov.ua/meeting/stenogr/show/8018.html		
1	ГаннаВасилівнаФазікош	Ганна	Василівна	Фазікош		F			https://www.rada.gov.ua/meeting/stenogr/show/5423.html		
1	НаталіяВолодимирівнаФедорович	Наталія	Володимирівна	Федорович		F			https://www.rada.gov.ua/meeting/stenogr/show/6366.html https://www.rada.gov.ua/meeting/stenogr/show/6366.html https://www.rada.gov.ua/meeting/stenogr/show/6366.html https://www.rada.gov.ua/meeting/stenogr/show/6366.html https://www.rada.gov.ua/meeting/stenogr/show/6366.html https://www.rada.gov.ua/meeting/stenogr/show/6366.html https://www.rada.gov.ua/meeting/stenogr/show/6403.html https://www.rada.gov.ua/meeting/stenogr/show/6403.html https://www.rada.gov.ua/meeting/stenogr/show/6459.html https://www.rada.gov.ua/meeting/stenogr/show/6459.html https://www.rada.gov.ua/meeting/stenogr/show/6459.html https://www.rada.gov.ua/meeting/stenogr/show/6459.html https://www.rada.gov.ua/meeting/stenogr/show/6505.html https://www.rada.gov.ua/meeting/stenogr/show/6505.html https://www.rada.gov.ua/meeting/stenogr/show/6508.html https://www.rada.gov.ua/meeting/stenogr/show/6530.html https://www.rada.gov.ua/meeting/stenogr/show/6633.html https://www.rada.gov.ua/meeting/stenogr/show/6633.html https://www.rada.gov.ua/meeting/stenogr/show/6633.html https://www.rada.gov.ua/meeting/stenogr/show/6633.html https://www.rada.gov.ua/meeting/stenogr/show/6667.html https://www.rada.gov.ua/meeting/stenogr/show/6675.html https://www.rada.gov.ua/meeting/stenogr/show/6715.html https://www.rada.gov.ua/meeting/stenogr/show/6715.html https://www.rada.gov.ua/meeting/stenogr/show/6715.html https://www.rada.gov.ua/meeting/stenogr/show/6715.html https://www.rada.gov.ua/meeting/stenogr/show/6715.html https://www.rada.gov.ua/meeting/stenogr/show/6715.html https://www.rada.gov.ua/meeting/stenogr/show/6998.html https://www.rada.gov.ua/meeting/stenogr/show/7103.html https://www.rada.gov.ua/meeting/stenogr/show/7103.html https://www.rada.gov.ua/meeting/stenogr/show/7103.html https://www.rada.gov.ua/meeting/stenogr/show/7103.html		
1	ІваннаФедько	Іванна		Федько		F			https://www.rada.gov.ua/meeting/stenogr/show/6253.html		
1	НаталіяВалеріївнаФорсюк	Наталія	Валеріївна	Форсюк		F			https://www.rada.gov.ua/meeting/stenogr/show/7552.html		
1	ЮрійОлеговичФрицький	Юрій	Олегович	Фрицький		M			https://www.rada.gov.ua/meeting/stenogr/show/7235.html		
1	Фудашкін			Фудашкін		M			https://www.rada.gov.ua/meeting/stenogr/show/5661.html https://www.rada.gov.ua/meeting/stenogr/show/5661.html		
1	Фудашкін			Фудашкін		M			https://www.rada.gov.ua/meeting/stenogr/show/5262.html https://www.rada.gov.ua/meeting/stenogr/show/5399.html https://www.rada.gov.ua/meeting/stenogr/show/5399.html https://www.rada.gov.ua/meeting/stenogr/show/5661.html https://www.rada.gov.ua/meeting/stenogr/show/5661.html https://www.rada.gov.ua/meeting/stenogr/show/5661.html https://www.rada.gov.ua/meeting/stenogr/show/5661.html https://www.rada.gov.ua/meeting/stenogr/show/5686.html https://www.rada.gov.ua/meeting/stenogr/show/5686.html https://www.rada.gov.ua/meeting/stenogr/show/5686.html https://www.rada.gov.ua/meeting/stenogr/show/5686.html https://www.rada.gov.ua/meeting/stenogr/show/5691.html https://www.rada.gov.ua/meeting/stenogr/show/5741.html https://www.rada.gov.ua/meeting/stenogr/show/5741.html https://www.rada.gov.ua/meeting/stenogr/show/5741.html https://www.rada.gov.ua/meeting/stenogr/show/5741.html https://www.rada.gov.ua/meeting/stenogr/show/5741.html https://www.rada.gov.ua/meeting/stenogr/show/5741.html		
1	МаксимМиколайовичХлапук	Максим	Миколайович	Хлапук		M			https://www.rada.gov.ua/meeting/stenogr/show/8069.html		
1	Хобзей			Хобзей					https://www.rada.gov.ua/meeting/stenogr/show/6819.html https://www.rada.gov.ua/meeting/stenogr/show/6819.html		
1	ПавлоВікторовичХодаковський	Павло	Вікторович	Ходаковський		M			https://www.rada.gov.ua/meeting/stenogr/show/7258.html https://www.rada.gov.ua/meeting/stenogr/show/7258.html https://www.rada.gov.ua/meeting/stenogr/show/7258.html https://www.rada.gov.ua/meeting/stenogr/show/7260.html https://www.rada.gov.ua/meeting/stenogr/show/7260.html https://www.rada.gov.ua/meeting/stenogr/show/7260.html https://www.rada.gov.ua/meeting/stenogr/show/7289.html https://www.rada.gov.ua/meeting/stenogr/show/7310.html https://www.rada.gov.ua/meeting/stenogr/show/7314.html		
1	НазарІвановичХолодницький	Назар	Іванович	Холодницький		M			https://www.rada.gov.ua/meeting/stenogr/show/6771.html https://www.rada.gov.ua/meeting/stenogr/show/6771.html https://www.rada.gov.ua/meeting/stenogr/show/6771.html https://www.rada.gov.ua/meeting/stenogr/show/6771.html https://www.rada.gov.ua/meeting/stenogr/show/6771.html https://www.rada.gov.ua/meeting/stenogr/show/6771.html https://www.rada.gov.ua/meeting/stenogr/show/6771.html https://www.rada.gov.ua/meeting/stenogr/show/6771.html https://www.rada.gov.ua/meeting/stenogr/show/6771.html https://www.rada.gov.ua/meeting/stenogr/show/6771.html https://www.rada.gov.ua/meeting/stenogr/show/6771.html https://www.rada.gov.ua/meeting/stenogr/show/6771.html https://www.rada.gov.ua/meeting/stenogr/show/6771.html https://www.rada.gov.ua/meeting/stenogr/show/6771.html		
1	Холодницький			Холодницький		M			https://www.rada.gov.ua/meeting/stenogr/show/6771.html		
1	НаталіяВолодимирівнаХоцянівська	Наталія	Володимирівна	Хоцянівська		F			https://www.rada.gov.ua/meeting/stenogr/show/7640.html https://www.rada.gov.ua/meeting/stenogr/show/7894.html https://www.rada.gov.ua/meeting/stenogr/show/7934.html		
1	ТимурХромаєв	Тимур		Хромаєв		M			https://www.rada.gov.ua/meeting/stenogr/show/6544.html https://www.rada.gov.ua/meeting/stenogr/show/6724.html		
1	Царевич			Царевич		F			https://www.rada.gov.ua/meeting/stenogr/show/5808.html https://www.rada.gov.ua/meeting/stenogr/show/5808.html https://www.rada.gov.ua/meeting/stenogr/show/5808.html		
1	СергійІвановичЧеботар	Сергій	Іванович	Чеботар		M			https://www.rada.gov.ua/meeting/stenogr/show/5425.html		
1	МиколаЧечеткін	Микола		Чечеткін		M			https://www.rada.gov.ua/meeting/stenogr/show/5969.html		
1	Чечоткін			Чечоткін		M			https://www.rada.gov.ua/meeting/stenogr/show/5969.html https://www.rada.gov.ua/meeting/stenogr/show/5969.html https://www.rada.gov.ua/meeting/stenogr/show/6156.html https://www.rada.gov.ua/meeting/stenogr/show/6364.html https://www.rada.gov.ua/meeting/stenogr/show/6469.html		
1	Чмілітє-Нільсен			Чмілітє-Нільсен					https://www.rada.gov.ua/meeting/stenogr/show/7982.html		
1	КатеринаЄвгенівнаЧуєва	Катерина	Євгенівна	Чуєва		F			https://www.rada.gov.ua/meeting/stenogr/show/7917.html		
1	ОлександраЧуркіна	Олександра		Чуркіна		F			https://www.rada.gov.ua/meeting/stenogr/show/6771.html https://www.rada.gov.ua/meeting/stenogr/show/7032.html https://www.rada.gov.ua/meeting/stenogr/show/7032.html https://www.rada.gov.ua/meeting/stenogr/show/7032.html https://www.rada.gov.ua/meeting/stenogr/show/7032.html https://www.rada.gov.ua/meeting/stenogr/show/7032.html https://www.rada.gov.ua/meeting/stenogr/show/7032.html https://www.rada.gov.ua/meeting/stenogr/show/7116.html		
1	ВікторАнатолійовичШайтан	Віктор	Анатолійович	Шайтан		M			https://www.rada.gov.ua/meeting/stenogr/show/4951.html https://www.rada.gov.ua/meeting/stenogr/show/4951.html		
1	МиколІвановичШамбір	Микол	Іванович	Шамбір		M			https://www.rada.gov.ua/meeting/stenogr/show/6462.html https://www.rada.gov.ua/meeting/stenogr/show/6462.html https://www.rada.gov.ua/meeting/stenogr/show/6462.html https://www.rada.gov.ua/meeting/stenogr/show/6462.html https://www.rada.gov.ua/meeting/stenogr/show/6481.html https://www.rada.gov.ua/meeting/stenogr/show/6496.html https://www.rada.gov.ua/meeting/stenogr/show/6496.html https://www.rada.gov.ua/meeting/stenogr/show/6496.html https://www.rada.gov.ua/meeting/stenogr/show/6796.html https://www.rada.gov.ua/meeting/stenogr/show/7169.html		
1	НаталіяКостянтинівнаШаптала	Наталія	Костянтинівна	Шаптала		F			https://www.rada.gov.ua/meeting/stenogr/show/7110.html https://www.rada.gov.ua/meeting/stenogr/show/7110.html		
1	СергійОлександровичШаптала	Сергій	Олександрович	Шаптала		M			https://www.rada.gov.ua/meeting/stenogr/show/8088.html		
1	РоманСергійовичШахматенко	Роман	Сергійович	Шахматенко		M			https://www.rada.gov.ua/meeting/stenogr/show/7624.html		
1	ОлександрВолодимировичШелест	Олександр	Володимирович	Шелест		M			https://www.rada.gov.ua/meeting/stenogr/show/7854.html		
1	Шидловський			Шидловський		M			https://www.rada.gov.ua/meeting/stenogr/show/5046.html https://www.rada.gov.ua/meeting/stenogr/show/5046.html		
1	ДмитроШимків	Дмитро		Шимків		M			https://www.rada.gov.ua/meeting/stenogr/show/5811.html https://www.rada.gov.ua/meeting/stenogr/show/5811.html https://www.rada.gov.ua/meeting/stenogr/show/6201.html https://www.rada.gov.ua/meeting/stenogr/show/6201.html https://www.rada.gov.ua/meeting/stenogr/show/6201.html		
1	ЛеонтійМиколайовичШипілов	Леонтій	Миколайович	Шипілов		M			https://www.rada.gov.ua/meeting/stenogr/show/6919.html		
1	ВасилОлександровичШкураков	Васил	Олександрович	Шкураков		M			https://www.rada.gov.ua/meeting/stenogr/show/7293.html https://www.rada.gov.ua/meeting/stenogr/show/7293.html https://www.rada.gov.ua/meeting/stenogr/show/7487.html https://www.rada.gov.ua/meeting/stenogr/show/7487.html https://www.rada.gov.ua/meeting/stenogr/show/7531.html https://www.rada.gov.ua/meeting/stenogr/show/7549.html https://www.rada.gov.ua/meeting/stenogr/show/7818.html https://www.rada.gov.ua/meeting/stenogr/show/8048.html https://www.rada.gov.ua/meeting/stenogr/show/8048.html		
1	ВячеславВасильовичШтучний	Вячеслав	Васильович	Штучний		M			https://www.rada.gov.ua/meeting/stenogr/show/7880.html		
1	ВолодимирЮрійовичШульмейстер	Володимир	Юрійович	Шульмейстер		M			https://www.rada.gov.ua/meeting/stenogr/show/5755.html https://www.rada.gov.ua/meeting/stenogr/show/5755.html https://www.rada.gov.ua/meeting/stenogr/show/5799.html		
1	МартінШульц	Мартін		Шульц		M			https://www.rada.gov.ua/meeting/stenogr/show/5695.html https://www.rada.gov.ua/meeting/stenogr/show/5942.html		
1	ЮрійФедоровичЩиголь	Юрій	Федорович	Щиголь		M			https://www.rada.gov.ua/meeting/stenogr/show/7825.html		
1	ЮріРатас	Юрі		Ратас		M			https://www.rada.gov.ua/meeting/stenogr/show/8088.html		
1	ЯнісМакдевід	Яніс		Макдевід		M			https://www.rada.gov.ua/meeting/stenogr/show/7910.html		
1	CЯровий	C		Яровий		M			https://www.rada.gov.ua/meeting/stenogr/show/5921.html https://www.rada.gov.ua/meeting/stenogr/show/5921.html https://www.rada.gov.ua/meeting/stenogr/show/6395.html		